candidate_id,layer,index,value
ANN_000,0,0,-0.22496597700875695
ANN_000,0,1,0.6775800302259993
ANN_000,0,2,-0.1225755579160216
ANN_000,0,3,-0.0732783304620249
ANN_000,0,4,-0.16152329550014868
ANN_000,0,5,1.1386259778292755
ANN_000,0,6,0.8273716589162319
ANN_000,0,7,-0.8855180319985709
ANN_000,0,8,0.027377528140027495
ANN_000,0,9,0.7961042649588682
ANN_000,0,10,-0.17547435948871504
ANN_000,0,11,0.8371562567719631
ANN_000,0,12,0.8380685479597836
ANN_000,0,13,1.0258126884861365
ANN_000,0,14,-0.08864556627725342
ANN_000,0,15,-0.17976976994457053
ANN_000,0,16,-0.09185099955726309
ANN_000,0,17,0.7060025785080711
ANN_000,0,18,0.941314881563627
ANN_000,0,19,1.1177903012906618
ANN_000,0,20,-0.08071674643820964
ANN_000,0,21,0.9458877272881153
ANN_000,0,22,-0.03321115260576658
ANN_000,0,23,-0.11162484886374606
ANN_000,0,24,0.7595818667888303
ANN_000,0,25,-0.14746383917514289
ANN_000,0,26,-0.13180493678901864
ANN_000,0,27,-0.144140990159476
ANN_000,0,28,0.5982846547601234
ANN_000,0,29,-0.09129058275430021
ANN_000,0,30,-0.13874939268352326
ANN_000,0,31,0.9109074204002886
ANN_000,0,32,-0.17831477192128314
ANN_000,0,33,-0.06736357472184662
ANN_000,0,34,0.8415409908952352
ANN_000,0,35,1.0639871507704228
ANN_000,0,36,-0.1865710666402766
ANN_000,0,37,0.7773561354535654
ANN_000,0,38,0.947719457459119
ANN_000,0,39,0.8990985198389383
ANN_000,0,40,1.1012355808790484
ANN_000,0,41,-0.10284176427262702
ANN_000,0,42,-0.13980543739397255
ANN_000,0,43,0.8470108685250828
ANN_000,0,44,0.1071891111230001
ANN_000,0,45,1.0046589083008997
ANN_000,0,46,0.8082606208615937
ANN_000,0,47,0.8260913961675069
ANN_000,0,48,0.9844520920432285
ANN_000,0,49,-0.13294237452523486
ANN_000,0,50,-0.1679662419606263
ANN_000,0,51,-0.06285336968145984
ANN_000,0,52,0.7832899576363455
ANN_000,0,53,-0.13843372307756951
ANN_000,0,54,-0.19699629142576666
ANN_000,0,55,1.0127051595956162
ANN_000,0,56,-0.089788767678573
ANN_000,0,57,0.7732187672859085
ANN_000,0,58,-0.17907896777686957
ANN_000,0,59,-0.03291555240557416
ANN_000,0,60,0.8207095958773134
ANN_000,0,61,-0.19038329781407015
ANN_000,0,62,-0.11524973601042858
ANN_000,0,63,0.7826588004529894
ANN_000,0,64,-0.1854763019909518
ANN_000,0,65,0.11495945520798202
ANN_000,0,66,0.8632818458498953
ANN_000,0,67,1.0840990192611113
ANN_000,0,68,0.6808756551314685
ANN_000,0,69,0.9962233724641667
ANN_000,0,70,0.983659738270742
ANN_000,0,71,0.8987117939009587
ANN_000,0,72,-0.012074304219144377
ANN_000,0,73,0.8280188961417353
ANN_000,0,74,-0.06420006444760887
ANN_000,0,75,0.897148259824621
ANN_000,0,76,0.06226807222329223
ANN_000,0,77,1.1972007419240889
ANN_000,0,78,-0.15959680944330287
ANN_000,0,79,0.8552705996037133
ANN_000,0,80,1.1242671548859418
ANN_000,0,81,-0.1354107256485172
ANN_000,0,82,-0.18415038944319057
ANN_000,0,83,0.9192856934066647
ANN_000,0,84,0.013167852757419331
ANN_000,0,85,0.9039316331642094
ANN_000,0,86,-0.1733530005690539
ANN_000,0,87,-0.01008871128086011
ANN_000,0,88,-0.12674734050999367
ANN_000,0,89,0.7786685765392298
ANN_000,0,90,-0.1426183430644545
ANN_000,0,91,-0.023524658471767136
ANN_000,0,92,0.8582109679250265
ANN_000,0,93,0.9458452777825358
ANN_000,0,94,0.8542602961532381
ANN_000,0,95,1.102889895794051
ANN_000,0,96,-0.06938019287708824
ANN_000,0,97,1.0346650126153014
ANN_000,0,98,-0.07695496842393262
ANN_000,0,99,-0.07406581110914354
ANN_000,0,100,0.7942704171233886
ANN_000,0,101,0.6468572251992785
ANN_000,0,102,1.1416200172371787
ANN_000,0,103,-0.034696985201137155
ANN_000,0,104,0.723171408127828
ANN_000,0,105,1.1346454764003402
ANN_000,0,106,-0.04932247450793392
ANN_000,0,107,-0.05262493667830729
ANN_000,0,108,1.0002370151646274
ANN_000,0,109,1.0157797314371204
ANN_000,0,110,-0.19151078735863816
ANN_000,0,111,2.2163694981662005
ANN_000,0,112,-0.03346610968833399
ANN_000,0,113,0.7775023351674012
ANN_000,0,114,-0.21219860295725124
ANN_000,0,115,-0.0013132333584536375
ANN_000,0,116,0.8628013962834284
ANN_000,0,117,-0.06562965053828843
ANN_000,0,118,1.0031805132772238
ANN_000,0,119,0.02571072121609889
ANN_000,0,120,-0.22563774772525977
ANN_000,0,121,-0.14216125688300948
ANN_000,0,122,0.7312870503870685
ANN_000,0,123,0.8939500321029603
ANN_000,0,124,0.6268606536883414
ANN_000,0,125,1.1377124295603018
ANN_000,0,126,0.940579097227898
ANN_000,0,127,0.041678344666599504
ANN_000,1,0,0.39680340077449633
ANN_001,0,0,-0.22035565881239438
ANN_001,0,1,0.5700053531793642
ANN_001,0,2,-0.1225755579160216
ANN_001,0,3,-0.0732783304620249
ANN_001,0,4,-0.16152329550014868
ANN_001,0,5,0.94526688766217
ANN_001,0,6,0.7057812453366469
ANN_001,0,7,-0.06859777282136659
ANN_001,0,8,0.02783075665425806
ANN_001,0,9,0.6770717009192888
ANN_001,0,10,-0.17547435948871504
ANN_001,0,11,0.717141159414265
ANN_001,0,12,0.7195946177205107
ANN_001,0,13,0.8796784243350267
ANN_001,0,14,-0.0880682468964658
ANN_001,0,15,-0.17565546364718998
ANN_001,0,16,-0.09185099955726309
ANN_001,0,17,0.5956858859350156
ANN_001,0,18,0.8040690296982208
ANN_001,0,19,0.8357397748885061
ANN_001,0,20,0.7406506562307723
ANN_001,0,21,0.8327145094488069
ANN_001,0,22,-0.032633113234767815
ANN_001,0,23,-0.11162484886374606
ANN_001,0,24,0.6219739254501215
ANN_001,0,25,-0.14746383917514289
ANN_001,0,26,-0.12815294411495365
ANN_001,0,27,-0.144140990159476
ANN_001,0,28,0.4936910996077842
ANN_001,0,29,-0.09129058275430021
ANN_001,0,30,-0.13874939268352326
ANN_001,0,31,0.797711492516169
ANN_001,0,32,-0.17831477192128314
ANN_001,0,33,-0.06688780885976733
ANN_001,0,34,0.7112936429710861
ANN_001,0,35,0.9319301318712601
ANN_001,0,36,-0.18233002470575355
ANN_001,0,37,0.6513926647325012
ANN_001,0,38,0.8367049457835288
ANN_001,0,39,0.786668500667902
ANN_001,0,40,0.937273157515647
ANN_001,0,41,-0.10284176427262702
ANN_001,0,42,-0.13980543739397255
ANN_001,0,43,0.7333260864098086
ANN_001,0,44,0.10725529958754947
ANN_001,0,45,0.7972211790510049
ANN_001,0,46,0.6927608124581716
ANN_001,0,47,0.6860063296120255
ANN_001,0,48,0.8505532049862647
ANN_001,0,49,-0.13294237452523486
ANN_001,0,50,-0.1677584800852867
ANN_001,0,51,-0.0607085457472006
ANN_001,0,52,0.670349008635941
ANN_001,0,53,-0.1363081571404133
ANN_001,0,54,-0.19588867821709496
ANN_001,0,55,0.8282423720276352
ANN_001,0,56,-0.089788767678573
ANN_001,0,57,0.6624815501709905
ANN_001,0,58,-0.1768095300332556
ANN_001,0,59,-0.029422261109009536
ANN_001,0,60,0.6957008082587024
ANN_001,0,61,-0.19038329781407015
ANN_001,0,62,-0.11506313887456152
ANN_001,0,63,0.6319831342436664
ANN_001,0,64,-0.1854763019909518
ANN_001,0,65,0.11503942349119572
ANN_001,0,66,0.7171987829733583
ANN_001,0,67,0.909116293844306
ANN_001,0,68,0.5662947830870474
ANN_001,0,69,0.815969564717296
ANN_001,0,70,0.8511827768113462
ANN_001,0,71,0.7624023949105294
ANN_001,0,72,-0.012074304219144377
ANN_001,0,73,0.7006652836203852
ANN_001,0,74,-0.06420006444760887
ANN_001,0,75,0.7937070588861443
ANN_001,0,76,0.06234358968186259
ANN_001,0,77,1.0073505375282412
ANN_001,0,78,-0.15959680944330287
ANN_001,0,79,0.7431305035219237
ANN_001,0,80,0.9856623376452293
ANN_001,0,81,-0.1354107256485172
ANN_001,0,82,-0.18415038944319057
ANN_001,0,83,0.7906957038742843
ANN_001,0,84,0.017094528603338034
ANN_001,0,85,0.7882426279994523
ANN_001,0,86,-0.16857444052664095
ANN_001,0,87,-0.00914308878850413
ANN_001,0,88,-0.12674734050999367
ANN_001,0,89,0.6371264424864804
ANN_001,0,90,-0.1426183430644545
ANN_001,0,91,-0.02374638577029216
ANN_001,0,92,0.7400476909539678
ANN_001,0,93,0.7904119279303781
ANN_001,0,94,0.7176047523107133
ANN_001,0,95,0.945773086674993
ANN_001,0,96,-0.06628846492944637
ANN_001,0,97,0.8924172881442023
ANN_001,0,98,-0.0757268979843964
ANN_001,0,99,-0.069580998462799
ANN_001,0,100,0.6737473750038266
ANN_001,0,101,0.5411996821569844
ANN_001,0,102,0.8881846458909249
ANN_001,0,103,-0.03096646838899148
ANN_001,0,104,0.5993366913669291
ANN_001,0,105,0.9505580556771458
ANN_001,0,106,-0.04932247450793392
ANN_001,0,107,-0.05094150903829975
ANN_001,0,108,0.8693269065237981
ANN_001,0,109,0.8497062935050722
ANN_001,0,110,-0.18828951729805354
ANN_001,0,111,0.9923057356642231
ANN_001,0,112,-0.03649336220879543
ANN_001,0,113,0.6537585650289269
ANN_001,0,114,-0.2114893338648644
ANN_001,0,115,-0.003499916115416316
ANN_001,0,116,0.743768602779707
ANN_001,0,117,-0.06502372204068685
ANN_001,0,118,0.8758116505351986
ANN_001,0,119,-0.0003165998278757557
ANN_001,0,120,-0.22454128871198245
ANN_001,0,121,-0.14237308146827468
ANN_001,0,122,0.6048994995113463
ANN_001,0,123,0.7726996311364832
ANN_001,0,124,0.5074282051365564
ANN_001,0,125,0.8393302313509072
ANN_001,0,126,0.8136998174426986
ANN_001,0,127,0.03861278369178014
ANN_001,1,0,0.34392829836559907
ANN_002,0,0,-0.22496597509364355
ANN_002,0,1,0.6779724417554742
ANN_002,0,2,-0.1225755579160216
ANN_002,0,3,-0.0732783304620249
ANN_002,0,4,-0.16152329550014868
ANN_002,0,5,1.1397670521033811
ANN_002,0,6,0.8278555504519102
ANN_002,0,7,-0.8851570167968378
ANN_002,0,8,0.027374962007126788
ANN_002,0,9,0.7965826444059672
ANN_002,0,10,-0.17547435948871504
ANN_002,0,11,0.8376357472611575
ANN_002,0,12,0.8385308661783645
ANN_002,0,13,1.0262218716050322
ANN_002,0,14,-0.0886843822657407
ANN_002,0,15,-0.17976976899173852
ANN_002,0,16,-0.09185099955726309
ANN_002,0,17,0.7064328785123123
ANN_002,0,18,0.9419343726774985
ANN_002,0,19,1.119562481135482
ANN_002,0,20,-0.08071674487419062
ANN_002,0,21,0.946312490689096
ANN_002,0,22,-0.03322156456810301
ANN_002,0,23,-0.11162484886374606
ANN_002,0,24,0.7602445178836752
ANN_002,0,25,-0.14746383917514289
ANN_002,0,26,-0.13180493462193543
ANN_002,0,27,-0.144140990159476
ANN_002,0,28,0.5986580685572812
ANN_002,0,29,-0.09129058275430021
ANN_002,0,30,-0.13874939268352326
ANN_002,0,31,0.9113273892980858
ANN_002,0,32,-0.17831477192128314
ANN_002,0,33,-0.06736251844817161
ANN_002,0,34,0.8421378905560882
ANN_002,0,35,1.0645615307707175
ANN_002,0,36,-0.18657106512103525
ANN_002,0,37,0.77788741892965
ANN_002,0,38,0.9481385728770517
ANN_002,0,39,0.8995210448302606
ANN_002,0,40,1.102218725701373
ANN_002,0,41,-0.10284176427262702
ANN_002,0,42,-0.13980543739397255
ANN_002,0,43,0.8474639900436118
ANN_002,0,44,0.1071967400209738
ANN_002,0,45,0.9727277494379929
ANN_002,0,46,0.8087149402538855
ANN_002,0,47,0.8266910610907741
ANN_002,0,48,0.9850442736405542
ANN_002,0,49,-0.13294237452523486
ANN_002,0,50,-0.16795742553228987
ANN_002,0,51,-0.06285336165742651
ANN_002,0,52,0.7837379201967968
ANN_002,0,53,-0.13843370599685123
ANN_002,0,54,-0.19699628300747832
ANN_002,0,55,1.0138122576538016
ANN_002,0,56,-0.089788767678573
ANN_002,0,57,0.773630573243067
ANN_002,0,58,-0.17907896095313536
ANN_002,0,59,-0.03291554361625798
ANN_002,0,60,0.8212337504340198
ANN_002,0,61,-0.19038329781407015
ANN_002,0,62,-0.11524844480357711
ANN_002,0,63,0.7834709339928426
ANN_002,0,64,-0.1854763019909518
ANN_002,0,65,0.11497021763804627
ANN_002,0,66,0.8639394436768659
ANN_002,0,67,1.085109015927381
ANN_002,0,68,0.6812479382808568
ANN_002,0,69,0.9972830841772129
ANN_002,0,70,0.9842469484600761
ANN_002,0,71,0.899320890310932
ANN_002,0,72,-0.012074304219144377
ANN_002,0,73,0.8282390169370071
ANN_002,0,74,-0.06420006444760887
ANN_002,0,75,0.8975008384042479
ANN_002,0,76,0.0622585790164257
ANN_002,0,77,1.197622264579596
ANN_002,0,78,-0.15959680944330287
ANN_002,0,79,0.8557029789383646
ANN_002,0,80,1.1249597866255336
ANN_002,0,81,-0.1354107256485172
ANN_002,0,82,-0.18415038944319057
ANN_002,0,83,0.9198316148032838
ANN_002,0,84,0.01316785308530723
ANN_002,0,85,0.9043129259676809
ANN_002,0,86,-0.1733529977070818
ANN_002,0,87,-0.010101425898031459
ANN_002,0,88,-0.12674734050999367
ANN_002,0,89,0.7794072466851879
ANN_002,0,90,-0.1426183430644545
ANN_002,0,91,-0.023529349268166914
ANN_002,0,92,0.8586884614755461
ANN_002,0,93,0.9466760421772077
ANN_002,0,94,0.8547769530855834
ANN_002,0,95,1.103771703325628
ANN_002,0,96,-0.06938019120364623
ANN_002,0,97,1.0353262113731798
ANN_002,0,98,-0.07695494242030192
ANN_002,0,99,-0.07406580810829998
ANN_002,0,100,0.7947688317150816
ANN_002,0,101,0.6472484265706444
ANN_002,0,102,1.1431629181619292
ANN_002,0,103,-0.03469688790056342
ANN_002,0,104,0.723711925438889
ANN_002,0,105,1.1357231650474995
ANN_002,0,106,-0.04932247450793392
ANN_002,0,107,-0.05262437761551221
ANN_002,0,108,1.000805367699321
ANN_002,0,109,1.0034684556749685
ANN_002,0,110,-0.19151078351692857
ANN_002,0,111,2.2169737219198975
ANN_002,0,112,-0.033503967540184476
ANN_002,0,113,0.7780396411272297
ANN_002,0,114,-0.21219560525116982
ANN_002,0,115,-0.0013333622913220596
ANN_002,0,116,0.863078924921905
ANN_002,0,117,-0.06565930689575619
ANN_002,0,118,1.0037202428981147
ANN_002,0,119,0.025763074494166604
ANN_002,0,120,-0.22563599738589576
ANN_002,0,121,-0.14215994057034723
ANN_002,0,122,0.7315811522274985
ANN_002,0,123,0.8941149245191305
ANN_002,0,124,0.6275479414650587
ANN_002,0,125,1.138517799666681
ANN_002,0,126,0.9411252004159546
ANN_002,0,127,0.04167107500693191
ANN_002,1,0,0.39689015358058555
ANN_003,0,0,-0.22035565578570437
ANN_003,0,1,0.5701299869213093
ANN_003,0,2,-0.1225755579160216
ANN_003,0,3,-0.0732783304620249
ANN_003,0,4,-0.16152329550014868
ANN_003,0,5,0.9456352294752117
ANN_003,0,6,0.7059305580396975
ANN_003,0,7,-0.06843255551695625
ANN_003,0,8,0.02783110315970308
ANN_003,0,9,0.6772254511634018
ANN_003,0,10,-0.17547435948871504
ANN_003,0,11,0.7172994155098447
ANN_003,0,12,0.7197437876665292
ANN_003,0,13,0.8797294317102103
ANN_003,0,14,-0.08808605308977126
ANN_003,0,15,-0.17590869441145743
ANN_003,0,16,-0.09185099955726309
ANN_003,0,17,0.5958216666989508
ANN_003,0,18,0.804272281664461
ANN_003,0,19,0.8362058515596525
ANN_003,0,20,0.7409487523308271
ANN_003,0,21,0.832839874100194
ANN_003,0,22,-0.032633759812140686
ANN_003,0,23,-0.11162484886374606
ANN_003,0,24,0.6221922689717309
ANN_003,0,25,-0.14746383917514289
ANN_003,0,26,-0.1281529390340546
ANN_003,0,27,-0.144140990159476
ANN_003,0,28,0.4938063637057576
ANN_003,0,29,-0.09129058275430021
ANN_003,0,30,-0.13874939268352326
ANN_003,0,31,0.7978363155223914
ANN_003,0,32,-0.17831477192128314
ANN_003,0,33,-0.06688822194681102
ANN_003,0,34,0.7114950008078614
ANN_003,0,35,0.9321183357965728
ANN_003,0,36,-0.18233002302056797
ANN_003,0,37,0.6515604666191152
ANN_003,0,38,0.8368327383107587
ANN_003,0,39,0.786796005794138
ANN_003,0,40,0.9376778843920235
ANN_003,0,41,-0.10284176427262702
ANN_003,0,42,-0.13980543739397255
ANN_003,0,43,0.7334699847375568
ANN_003,0,44,0.10726351039686338
ANN_003,0,45,0.7886020539207881
ANN_003,0,46,0.69290098109609
ANN_003,0,47,0.6861204646618605
ANN_003,0,48,0.8507480988217013
ANN_003,0,49,-0.13294237452523486
ANN_003,0,50,-0.16775993995164148
ANN_003,0,51,-0.060708524659456906
ANN_003,0,52,0.6704939633385549
ANN_003,0,53,-0.1363081154596014
ANN_003,0,54,-0.19588855811543682
ANN_003,0,55,0.8286106457076566
ANN_003,0,56,-0.089788767678573
ANN_003,0,57,0.6626049743067373
ANN_003,0,58,-0.17680951188888114
ANN_003,0,59,-0.029422236322812583
ANN_003,0,60,0.6958667320852288
ANN_003,0,61,-0.19038329781407015
ANN_003,0,62,-0.11506054872385088
ANN_003,0,63,0.6322470923035346
ANN_003,0,64,-0.1854763019909518
ANN_003,0,65,0.11503863022971716
ANN_003,0,66,0.7173924193558819
ANN_003,0,67,0.9094497829122562
ANN_003,0,68,0.5663715712195172
ANN_003,0,69,0.8163181832203524
ANN_003,0,70,0.8513784915010317
ANN_003,0,71,0.7625982663050197
ANN_003,0,72,-0.012074304219144377
ANN_003,0,73,0.7006548122226499
ANN_003,0,74,-0.06420006444760887
ANN_003,0,75,0.7938106547717929
ANN_003,0,76,0.0623412633045399
ANN_003,0,77,1.0073450555082304
ANN_003,0,78,-0.15959680944330287
ANN_003,0,79,0.7432609848112791
ANN_003,0,80,0.985895876551111
ANN_003,0,81,-0.1354107256485172
ANN_003,0,82,-0.18415038944319057
ANN_003,0,83,0.7908655950947019
ANN_003,0,84,0.017094529291474276
ANN_003,0,85,0.7882916939483348
ANN_003,0,86,-0.1685744369199657
ANN_003,0,87,-0.00913955730866637
ANN_003,0,88,-0.12674734050999367
ANN_003,0,89,0.6373687581419389
ANN_003,0,90,-0.1426183430644545
ANN_003,0,91,-0.02376080228521807
ANN_003,0,92,0.7401998620834955
ANN_003,0,93,0.7906860592783608
ANN_003,0,94,0.7177272883313917
ANN_003,0,95,0.9460667059845
ANN_003,0,96,-0.06628845952823423
ANN_003,0,97,0.8926312757526998
ANN_003,0,98,-0.07572639411785595
ANN_003,0,99,-0.06958099360432986
ANN_003,0,100,0.6739025419067796
ANN_003,0,101,0.5413201488070798
ANN_003,0,102,0.8886398129119976
ANN_003,0,103,-0.030966322544963374
ANN_003,0,104,0.5995170771821069
ANN_003,0,105,0.9509086697193708
ANN_003,0,106,-0.04932247450793392
ANN_003,0,107,-0.05093993365307309
ANN_003,0,108,0.869505957506446
ANN_003,0,109,0.8462570727892296
ANN_003,0,110,-0.18828950564757718
ANN_003,0,111,0.9922963362354565
ANN_003,0,112,-0.0364911301726602
ANN_003,0,113,0.6539381672008395
ANN_003,0,114,-0.21150772157909511
ANN_003,0,115,-0.003502779033737927
ANN_003,0,116,0.7437908843388602
ANN_003,0,117,-0.06502169606626539
ANN_003,0,118,0.875987704809004
ANN_003,0,119,-0.0003114571366290326
ANN_003,0,120,-0.22454560313502905
ANN_003,0,121,-0.14237231903385608
ANN_003,0,122,0.6048978287217985
ANN_003,0,123,0.7726340109636393
ANN_003,0,124,0.5077744327073341
ANN_003,0,125,0.8394843837856535
ANN_003,0,126,0.8138774381003153
ANN_003,0,127,0.03860939719735115
ANN_003,1,0,0.34393359059999506
ANN_004,0,0,-0.6931186291594211
ANN_004,0,1,0.41760561451435485
ANN_004,0,2,-0.5056352725796042
ANN_004,0,3,0.4717946461531485
ANN_004,0,4,-0.6216199940015625
ANN_004,0,5,0.33648592332531907
ANN_004,0,6,0.39678056491237285
ANN_004,0,7,-0.3016465824644698
ANN_004,0,8,-0.38155476217449447
ANN_004,0,9,0.4525534141380605
ANN_004,0,10,0.031397517400834775
ANN_004,0,11,0.5239340558492671
ANN_004,0,12,0.5292942143452403
ANN_004,0,13,-0.439964667955883
ANN_004,0,14,-0.5674889397127657
ANN_004,0,15,-0.6894991280010578
ANN_004,0,16,-0.5603700918544077
ANN_004,0,17,0.37216482277623614
ANN_004,0,18,0.5233387685010613
ANN_004,0,19,-0.5612979552523802
ANN_004,0,20,-0.5437878170606544
ANN_004,0,21,0.558931297551256
ANN_004,0,22,-0.5118830296200858
ANN_004,0,23,-0.625405866343805
ANN_004,0,24,-0.7194012101818658
ANN_004,0,25,-0.3644470392193932
ANN_004,0,26,-0.574523374073904
ANN_004,0,27,0.38942300843260175
ANN_004,0,28,0.2960608853546393
ANN_004,0,29,-0.6521186703427505
ANN_004,0,30,0.4287021555549615
ANN_004,0,31,0.513587268452496
ANN_004,0,32,-0.45220232330205445
ANN_004,0,33,-0.37839676814696566
ANN_004,0,34,0.5736969766457862
ANN_004,0,35,0.7538731131169921
ANN_004,0,36,-0.6966965051563815
ANN_004,0,37,0.3274370785328957
ANN_004,0,38,0.6857535579919263
ANN_004,0,39,0.5840832248651062
ANN_004,0,40,-0.45296536724445546
ANN_004,0,41,-0.5120568265205871
ANN_004,0,42,0.19129447488775123
ANN_004,0,43,0.6090578729409898
ANN_004,0,44,-0.26769839948051116
ANN_004,0,45,0.530842810325476
ANN_004,0,46,0.4393650927232413
ANN_004,0,47,-0.5959379398362952
ANN_004,0,48,0.5567179649389872
ANN_004,0,49,-0.6872490598474503
ANN_004,0,50,-0.4682263183181084
ANN_004,0,51,-0.3813922450048423
ANN_004,0,52,0.5154726806975198
ANN_004,0,53,-0.4238336187200117
ANN_004,0,54,-0.6463159478904237
ANN_004,0,55,-0.30225799800872705
ANN_004,0,56,-0.615673928764484
ANN_004,0,57,0.34378583706137855
ANN_004,0,58,-0.7161795723464541
ANN_004,0,59,-0.5372700417226793
ANN_004,0,60,0.45655064332817785
ANN_004,0,61,-0.6900749562321405
ANN_004,0,62,-0.39497852713162407
ANN_004,0,63,-0.6909798458597426
ANN_004,0,64,-0.6585564473641652
ANN_004,0,65,-0.288278814676287
ANN_004,0,66,-0.6898512237683188
ANN_004,0,67,-0.14481156861397176
ANN_004,0,68,0.21009411436272063
ANN_004,0,69,0.5194666168811194
ANN_004,0,70,0.6303796781646188
ANN_004,0,71,0.412093631110091
ANN_004,0,72,-0.4860371028023833
ANN_004,0,73,0.617706963662795
ANN_004,0,74,-0.40931725163709354
ANN_004,0,75,0.5902258727035877
ANN_004,0,76,-0.21937793514743242
ANN_004,0,77,-0.3333195775112304
ANN_004,0,78,-0.5348086163320203
ANN_004,0,79,0.5005165998189128
ANN_004,0,80,0.7624414273771015
ANN_004,0,81,-0.5206959917266527
ANN_004,0,82,-0.6149381391017954
ANN_004,0,83,0.4986700003720329
ANN_004,0,84,-0.4570907457605124
ANN_004,0,85,0.5574491591677713
ANN_004,0,86,-0.5136502669651671
ANN_004,0,87,-0.28953618038954587
ANN_004,0,88,-0.4495921528512195
ANN_004,0,89,-0.7167145134184834
ANN_004,0,90,-0.7359871214020981
ANN_004,0,91,-0.22901194297595284
ANN_004,0,92,0.5699886745102022
ANN_004,0,93,0.5089047777356649
ANN_004,0,94,0.5618433719649544
ANN_004,0,95,0.5905639831486078
ANN_004,0,96,-0.5315435456131878
ANN_004,0,97,0.664739859713948
ANN_004,0,98,-0.5204903232354341
ANN_004,0,99,-0.5567123675643183
ANN_004,0,100,0.373641130125579
ANN_004,0,101,0.35282156527652236
ANN_004,0,102,-0.5617463169932537
ANN_004,0,103,-0.46773376585978294
ANN_004,0,104,0.4442199156604231
ANN_004,0,105,0.48448894607778953
ANN_004,0,106,-0.46100947059920055
ANN_004,0,107,-0.4142196822809102
ANN_004,0,108,0.5439879115951946
ANN_004,0,109,-0.31041415855597304
ANN_004,0,110,-0.6405254049894428
ANN_004,0,111,-0.3715363433727533
ANN_004,0,112,-0.24579953888136577
ANN_004,0,113,0.5063808572510529
ANN_004,0,114,-0.5609292901838993
ANN_004,0,115,-0.19060462530411848
ANN_004,0,116,0.6250663065036061
ANN_004,0,117,-0.5522000307282626
ANN_004,0,118,0.7295976986052966
ANN_004,0,119,-0.2268593368330191
ANN_004,0,120,-0.6175430421470595
ANN_004,0,121,-0.42401754772282546
ANN_004,0,122,0.321442758312806
ANN_004,0,123,0.510437972832288
ANN_004,0,124,0.2299938647010582
ANN_004,0,125,-0.5134621005821702
ANN_004,0,126,0.6318733328880584
ANN_004,0,127,-0.145823989681217
ANN_004,1,0,0.3725828442055057
ANN_005,0,0,-0.6892369046323443
ANN_005,0,1,0.39008223544471715
ANN_005,0,2,-0.53953896795036
ANN_005,0,3,0.481478587647718
ANN_005,0,4,-0.6034390313130299
ANN_005,0,5,0.608679854080239
ANN_005,0,6,0.4677435335259093
ANN_005,0,7,-0.38559324352962004
ANN_005,0,8,-0.425126749876136
ANN_005,0,9,0.4583878121637988
ANN_005,0,10,0.2724552458270873
ANN_005,0,11,0.5040935300206613
ANN_005,0,12,0.5133761222611153
ANN_005,0,13,-0.4546091456080539
ANN_005,0,14,-0.5325789963532171
ANN_005,0,15,-0.6615012049864831
ANN_005,0,16,-0.5435762061705908
ANN_005,0,17,0.3819279131028562
ANN_005,0,18,0.562996516308957
ANN_005,0,19,-0.5396913649819001
ANN_005,0,20,-0.5827643700656535
ANN_005,0,21,0.5981304442485048
ANN_005,0,22,-0.47936264078691415
ANN_005,0,23,-0.6343664628979373
ANN_005,0,24,-0.7271687177075953
ANN_005,0,25,-0.6051703582380318
ANN_005,0,26,-0.5462901613835092
ANN_005,0,27,0.38386932026768583
ANN_005,0,28,0.30600080410790054
ANN_005,0,29,-0.638455430455374
ANN_005,0,30,0.43716515746632645
ANN_005,0,31,0.56916105375567
ANN_005,0,32,-0.5880450955958885
ANN_005,0,33,-0.4624791391591119
ANN_005,0,34,0.5194620180920636
ANN_005,0,35,0.7162119913320211
ANN_005,0,36,-0.6874843922198968
ANN_005,0,37,0.4090629098983102
ANN_005,0,38,0.6592019006130819
ANN_005,0,39,0.5875164372252022
ANN_005,0,40,-0.422222843942266
ANN_005,0,41,-0.5285985651469389
ANN_005,0,42,0.3063997531603047
ANN_005,0,43,0.5576988788693533
ANN_005,0,44,-0.274647478875484
ANN_005,0,45,0.5156064448462964
ANN_005,0,46,0.48293218735882065
ANN_005,0,47,-0.6379263038340643
ANN_005,0,48,0.597623512425775
ANN_005,0,49,-0.6501262053459875
ANN_005,0,50,-0.5134774722225381
ANN_005,0,51,-0.488024275206469
ANN_005,0,52,0.4860405890712307
ANN_005,0,53,-0.5013416986269036
ANN_005,0,54,-0.6551674234104552
ANN_005,0,55,-0.4650789214268017
ANN_005,0,56,-0.6258600341954677
ANN_005,0,57,0.4187911094849985
ANN_005,0,58,-0.6627828067567988
ANN_005,0,59,-0.5153756147133799
ANN_005,0,60,0.4761404566966173
ANN_005,0,61,-0.7071746162630801
ANN_005,0,62,-0.4962638835080324
ANN_005,0,63,-0.6827648411369279
ANN_005,0,64,-0.6332773032219492
ANN_005,0,65,-0.3250376879157179
ANN_005,0,66,-0.6573684218481193
ANN_005,0,67,-0.43608073668985636
ANN_005,0,68,0.3221817058780258
ANN_005,0,69,0.5604144583312939
ANN_005,0,70,0.6284391423066511
ANN_005,0,71,0.5056230165082397
ANN_005,0,72,-0.44863022921704787
ANN_005,0,73,0.5640153346513503
ANN_005,0,74,-0.4719469318702059
ANN_005,0,75,0.5931767863004931
ANN_005,0,76,-0.29825304459279073
ANN_005,0,77,-0.3393530975002758
ANN_005,0,78,-0.5630049199016873
ANN_005,0,79,0.5324576977666573
ANN_005,0,80,0.734471260647517
ANN_005,0,81,-0.6373829425759818
ANN_005,0,82,-0.6027561889414661
ANN_005,0,83,0.5480170368696161
ANN_005,0,84,-0.44069277864823103
ANN_005,0,85,0.5672838535101367
ANN_005,0,86,-0.5620789577276896
ANN_005,0,87,-0.3803147289094777
ANN_005,0,88,-0.5098735345386844
ANN_005,0,89,-0.7074828807010164
ANN_005,0,90,-0.7013342150298226
ANN_005,0,91,-0.3429724765825228
ANN_005,0,92,0.5512416133716886
ANN_005,0,93,0.5488921258124076
ANN_005,0,94,0.5183114242742081
ANN_005,0,95,0.6702622732050799
ANN_005,0,96,-0.5532176244574132
ANN_005,0,97,0.6572118528570298
ANN_005,0,98,-0.48880150605507605
ANN_005,0,99,-0.5251300227026413
ANN_005,0,100,0.4521547720922363
ANN_005,0,101,0.352301542298572
ANN_005,0,102,-0.5178713613349155
ANN_005,0,103,-0.4725095751962887
ANN_005,0,104,0.40545668800075463
ANN_005,0,105,0.6447868177865943
ANN_005,0,106,-0.46901105135460336
ANN_005,0,107,-0.48104010027531346
ANN_005,0,108,0.6105032718458623
ANN_005,0,109,-0.4342607060424337
ANN_005,0,110,-0.6116699403064206
ANN_005,0,111,-0.3389767901829202
ANN_005,0,112,-0.4453168577484852
ANN_005,0,113,0.47681353988102027
ANN_005,0,114,-0.5838333015353849
ANN_005,0,115,-0.3347568883503642
ANN_005,0,116,0.5733442026324278
ANN_005,0,117,-0.5095887855510626
ANN_005,0,118,0.6843998570662637
ANN_005,0,119,-0.4257049240604016
ANN_005,0,120,-0.6394602057140197
ANN_005,0,121,-0.5022777815147965
ANN_005,0,122,0.38183212592270843
ANN_005,0,123,0.5435739020674131
ANN_005,0,124,0.3010675982554534
ANN_005,0,125,-0.5146946271824924
ANN_005,0,126,0.6024302172766279
ANN_005,0,127,-0.3609149493460034
ANN_005,1,0,0.34967389867003074
ANN_006,0,0,-0.6931198031184237
ANN_006,0,1,0.4176066588259522
ANN_006,0,2,-0.5056373192121949
ANN_006,0,3,0.4717971900028159
ANN_006,0,4,-0.6216210713956617
ANN_006,0,5,0.33649252404671354
ANN_006,0,6,0.3967831023000124
ANN_006,0,7,-0.30164996720742554
ANN_006,0,8,-0.38155693563522736
ANN_006,0,9,0.4525547021731237
ANN_006,0,10,0.03140828488875984
ANN_006,0,11,0.5239331613334113
ANN_006,0,12,0.5292945913850899
ANN_006,0,13,-0.4399633861521337
ANN_006,0,14,-0.5674901088594866
ANN_006,0,15,-0.6894998188357254
ANN_006,0,16,-0.5603711661474712
ANN_006,0,17,0.372166836251157
ANN_006,0,18,0.5233399761833303
ANN_006,0,19,-0.5612986772260012
ANN_006,0,20,-0.5437884768111567
ANN_006,0,21,0.5589338343821068
ANN_006,0,22,-0.5118846152516684
ANN_006,0,23,-0.6254049646054879
ANN_006,0,24,-0.7194013136967847
ANN_006,0,25,-0.36445181374869323
ANN_006,0,26,-0.5745247088724444
ANN_006,0,27,0.38942515367674807
ANN_006,0,28,0.29606258845163086
ANN_006,0,29,-0.652117702679041
ANN_006,0,30,0.4287031210553731
ANN_006,0,31,0.5135899594416395
ANN_006,0,32,-0.45220213455719016
ANN_006,0,33,-0.3784005307920312
ANN_006,0,34,0.5736977757821125
ANN_006,0,35,0.7538736767092081
ANN_006,0,36,-0.6966966772763036
ANN_006,0,37,0.3274401599798762
ANN_006,0,38,0.6857548417824175
ANN_006,0,39,0.58408492563751
ANN_006,0,40,-0.4529651137588593
ANN_006,0,41,-0.5120590037427318
ANN_006,0,42,0.19129883033968387
ANN_006,0,43,0.6090589523624373
ANN_006,0,44,-0.26770022420491485
ANN_006,0,45,0.5308448935110194
ANN_006,0,46,0.43936769231857353
ANN_006,0,47,-0.5959380330208521
ANN_006,0,48,0.556718084703279
ANN_006,0,49,-0.6872495534240858
ANN_006,0,50,-0.46822900144807117
ANN_006,0,51,-0.3813954614589278
ANN_006,0,52,0.5154740882234465
ANN_006,0,53,-0.4238371882746118
ANN_006,0,54,-0.6463178589568085
ANN_006,0,55,-0.30226278039006504
ANN_006,0,56,-0.6156683055805782
ANN_006,0,57,0.34378942074592783
ANN_006,0,58,-0.7161804431266798
ANN_006,0,59,-0.5372714281857021
ANN_006,0,60,0.45655273234913724
ANN_006,0,61,-0.6900736671330847
ANN_006,0,62,-0.3949832107527654
ANN_006,0,63,-0.6909812197505796
ANN_006,0,64,-0.6585576286459563
ANN_006,0,65,-0.2882817023719137
ANN_006,0,66,-0.6898506251446048
ANN_006,0,67,-0.1448164710429186
ANN_006,0,68,0.21009885244034662
ANN_006,0,69,0.5194586709478278
ANN_006,0,70,0.6303794454679458
ANN_006,0,71,0.4120970919167699
ANN_006,0,72,-0.4860383128676893
ANN_006,0,73,0.6177075799887641
ANN_006,0,74,-0.40931947996285767
ANN_006,0,75,0.5902276571153052
ANN_006,0,76,-0.21938139202691478
ANN_006,0,77,-0.3333188060367291
ANN_006,0,78,-0.5348102163423287
ANN_006,0,79,0.5005188875759424
ANN_006,0,80,0.7624410590555165
ANN_006,0,81,-0.5206957544747302
ANN_006,0,82,-0.6149398036342705
ANN_006,0,83,0.49867257909661256
ANN_006,0,84,-0.4570923619377955
ANN_006,0,85,0.5574513826532999
ANN_006,0,86,-0.5136526733688301
ANN_006,0,87,-0.2895395755043102
ANN_006,0,88,-0.44959474534825816
ANN_006,0,89,-0.7167150755936781
ANN_006,0,90,-0.7359868001650794
ANN_006,0,91,-0.22901685274704478
ANN_006,0,92,0.5699902387522151
ANN_006,0,93,0.5089046290531347
ANN_006,0,94,0.5618439266141101
ANN_006,0,95,0.5905643162551609
ANN_006,0,96,-0.5315449359974911
ANN_006,0,97,0.6647410005173982
ANN_006,0,98,-0.5204914709914316
ANN_006,0,99,-0.5567136591944357
ANN_006,0,100,0.37364443938962705
ANN_006,0,101,0.35282363023781343
ANN_006,0,102,-0.5617462375333333
ANN_006,0,103,-0.4677358764226164
ANN_006,0,104,0.44422100108774853
ANN_006,0,105,0.48449157993880665
ANN_006,0,106,-0.4610114807271864
ANN_006,0,107,-0.4142236601717078
ANN_006,0,108,0.5439917870146024
ANN_006,0,109,-0.3104081571658503
ANN_006,0,110,-0.6405265828287346
ANN_006,0,111,-0.3715375278875994
ANN_006,0,112,-0.24580790365664013
ANN_006,0,113,0.5063818177463727
ANN_006,0,114,-0.5609317943883156
ANN_006,0,115,-0.19061111825748955
ANN_006,0,116,0.6250676244021189
ANN_006,0,117,-0.5522011965396226
ANN_006,0,118,0.7295984671467671
ANN_006,0,119,-0.22686886053099337
ANN_006,0,120,-0.6175456154356276
ANN_006,0,121,-0.4240214525660371
ANN_006,0,122,0.3214463200174363
ANN_006,0,123,0.5104404937360623
ANN_006,0,124,0.22999691944738945
ANN_006,0,125,-0.5134629230754801
ANN_006,0,126,0.6318745465067784
ANN_006,0,127,-0.14583177872733386
ANN_006,1,0,0.37258523422895173
ANN_007,0,0,-0.6892373982498192
ANN_007,0,1,0.39008271991316157
ANN_007,0,2,-0.5395395172066725
ANN_007,0,3,0.4814792563475346
ANN_007,0,4,-0.6034394846618543
ANN_007,0,5,0.6086807050239144
ANN_007,0,6,0.4677441297769797
ANN_007,0,7,-0.38559390000722443
ANN_007,0,8,-0.4251274035683966
ANN_007,0,9,0.45838833145694546
ANN_007,0,10,0.27245683510524715
ANN_007,0,11,0.5040939807940663
ANN_007,0,12,0.5133766083085916
ANN_007,0,13,-0.45460962300193486
ANN_007,0,14,-0.5325794743272587
ANN_007,0,15,-0.6615016757479317
ANN_007,0,16,-0.5435766880051669
ANN_007,0,17,0.38192847304674704
ANN_007,0,18,0.5629970747172033
ANN_007,0,19,-0.5396918783332424
ANN_007,0,20,-0.5827649042682893
ANN_007,0,21,0.598131009294289
ANN_007,0,22,-0.4793631796488545
ANN_007,0,23,-0.6343669851415046
ANN_007,0,24,-0.7271691909172152
ANN_007,0,25,-0.6051711120918557
ANN_007,0,26,-0.5462906242801029
ANN_007,0,27,0.3838699415417156
ANN_007,0,28,0.3060013337312521
ANN_007,0,29,-0.6384558741589669
ANN_007,0,30,0.4371657531033412
ANN_007,0,31,0.5691616237382583
ANN_007,0,32,-0.5880456464164152
ANN_007,0,33,-0.46247983093024053
ANN_007,0,34,0.5194624991889045
ANN_007,0,35,0.7162124786742788
ANN_007,0,36,-0.6874848742093902
ANN_007,0,37,0.40906353719360267
ANN_007,0,38,0.6592023431139297
ANN_007,0,39,0.5875169486620878
ANN_007,0,40,-0.4222233333483416
ANN_007,0,41,-0.5285991037786258
ANN_007,0,42,0.3064005114620286
ANN_007,0,43,0.5576993171519842
ANN_007,0,44,-0.27464802328886506
ANN_007,0,45,0.5156069805007153
ANN_007,0,46,0.4829327709727274
ANN_007,0,47,-0.6379268042122291
ANN_007,0,48,0.5976240315562023
ANN_007,0,49,-0.6501267036971361
ANN_007,0,50,-0.5134780898964096
ANN_007,0,51,-0.48802491127865816
ANN_007,0,52,0.48604107511594846
ANN_007,0,53,-0.5013423034893988
ANN_007,0,54,-0.6551679853583297
ANN_007,0,55,-0.465079632070849
ANN_007,0,56,-0.6258603676505305
ANN_007,0,57,0.4187917236111054
ANN_007,0,58,-0.6627832648714376
ANN_007,0,59,-0.5153761233049339
ANN_007,0,60,0.4761410119367009
ANN_007,0,61,-0.7071750529374986
ANN_007,0,62,-0.496264537216957
ANN_007,0,63,-0.6827653707653006
ANN_007,0,64,-0.6332777724885781
ANN_007,0,65,-0.32503836393120705
ANN_007,0,66,-0.6573688699384436
ANN_007,0,67,-0.4360813824018597
ANN_007,0,68,0.3221824172165476
ANN_007,0,69,0.5604148396325442
ANN_007,0,70,0.6284396074812268
ANN_007,0,71,0.5056236396625738
ANN_007,0,72,-0.4486306781716297
ANN_007,0,73,0.5640158610531368
ANN_007,0,74,-0.4719475082845434
ANN_007,0,75,0.5931772651451079
ANN_007,0,76,-0.298253712052627
ANN_007,0,77,-0.3393535551969976
ANN_007,0,78,-0.5630054274193742
ANN_007,0,79,0.5324582381731886
ANN_007,0,80,0.7344717575057044
ANN_007,0,81,-0.6373835258893282
ANN_007,0,82,-0.6027566649153636
ANN_007,0,83,0.5480176158490543
ANN_007,0,84,-0.4406932894757543
ANN_007,0,85,0.5672843847549137
ANN_007,0,86,-0.5620795559523696
ANN_007,0,87,-0.3803153993143521
ANN_007,0,88,-0.50987410968667
ANN_007,0,89,-0.7074833976667366
ANN_007,0,90,-0.7013346698365963
ANN_007,0,91,-0.34297335233018894
ANN_007,0,92,0.5512421008801291
ANN_007,0,93,0.5488926579738195
ANN_007,0,94,0.5183119392883793
ANN_007,0,95,0.6702628268773779
ANN_007,0,96,-0.5532181663537158
ANN_007,0,97,0.657212389328122
ANN_007,0,98,-0.48880198917323925
ANN_007,0,99,-0.5251304885017661
ANN_007,0,100,0.4521554073101029
ANN_007,0,101,0.35230205970564854
ANN_007,0,102,-0.5178719243350255
ANN_007,0,103,-0.4725101160984065
ANN_007,0,104,0.4054571885797095
ANN_007,0,105,0.6447874735167126
ANN_007,0,106,-0.46901155451513765
ANN_007,0,107,-0.48104079525920174
ANN_007,0,108,0.6105039129228857
ANN_007,0,109,-0.4342611735050898
ANN_007,0,110,-0.6116703764273922
ANN_007,0,111,-0.33897729844867247
ANN_007,0,112,-0.4453178086181077
ANN_007,0,113,0.4768140393889846
ANN_007,0,114,-0.5838338660833435
ANN_007,0,115,-0.3347577197502702
ANN_007,0,116,0.5733446844971952
ANN_007,0,117,-0.5095892854658538
ANN_007,0,118,0.6844003123793991
ANN_007,0,119,-0.4257057710670461
ANN_007,0,120,-0.6394608224816615
ANN_007,0,121,-0.5022784535160207
ANN_007,0,122,0.38183277230285306
ANN_007,0,123,0.5435744719336432
ANN_007,0,124,0.3010682503801544
ANN_007,0,125,-0.5146951578252305
ANN_007,0,126,0.6024307161017075
ANN_007,0,127,-0.36091590121547884
ANN_007,1,0,0.3496745029010381
ANN_008,0,0,-0.22494186690634912
ANN_008,0,1,0.13784989354895727
ANN_008,0,2,-0.1225755579160216
ANN_008,0,3,-0.0732783304620249
ANN_008,0,4,-0.16152329550014868
ANN_008,0,5,0.3945886083099777
ANN_008,0,6,0.258263690839501
ANN_008,0,7,0.2999772617777222
ANN_008,0,8,0.34196891107524174
ANN_008,0,9,0.2077507049505068
ANN_008,0,10,-0.17547435948871504
ANN_008,0,11,0.2399451895489802
ANN_008,0,12,0.2355514760522498
ANN_008,0,13,0.4678602714531289
ANN_008,0,14,0.2022708889297709
ANN_008,0,15,0.11175587870222559
ANN_008,0,16,-0.09185099955726309
ANN_008,0,17,0.14737727951292728
ANN_008,0,18,0.3052989345395276
ANN_008,0,19,0.24596211354058475
ANN_008,0,20,0.17333937414333195
ANN_008,0,21,0.45279835962855447
ANN_008,0,22,0.27716149169501125
ANN_008,0,23,-0.11162484886374606
ANN_008,0,24,0.06864198784131596
ANN_008,0,25,-0.14746383917514289
ANN_008,0,26,0.1424342252701243
ANN_008,0,27,-0.144140990159476
ANN_008,0,28,0.05026418490726991
ANN_008,0,29,-0.09129058275430021
ANN_008,0,30,-0.13874939268352326
ANN_008,0,31,0.3951067287370571
ANN_008,0,32,-0.17831477192128314
ANN_008,0,33,0.21777379456214047
ANN_008,0,34,0.13830998476487247
ANN_008,0,35,0.4299867653058394
ANN_008,0,36,0.09681902652237576
ANN_008,0,37,0.23288304417520472
ANN_008,0,38,0.44961081737781206
ANN_008,0,39,0.3858530304559201
ANN_008,0,40,0.3981307795481781
ANN_008,0,41,-0.10284176427262702
ANN_008,0,42,-0.13980543739397255
ANN_008,0,43,0.2828040207289041
ANN_008,0,44,0.5239749198762972
ANN_008,0,45,-0.0033539119800059256
ANN_008,0,46,0.26777309953698214
ANN_008,0,47,0.157747067429485
ANN_008,0,48,0.32422236668108423
ANN_008,0,49,-0.13294237452523486
ANN_008,0,50,0.030270374280281027
ANN_008,0,51,0.1951028196019229
ANN_008,0,52,0.22444192657315
ANN_008,0,53,0.1155667413896752
ANN_008,0,54,0.04278560463651412
ANN_008,0,55,0.2560338690185223
ANN_008,0,56,-0.089788767678573
ANN_008,0,57,0.23687791857226367
ANN_008,0,58,0.11112783509573847
ANN_008,0,59,0.2083367577244512
ANN_008,0,60,0.24036480941377908
ANN_008,0,61,-0.19038329781407015
ANN_008,0,62,0.16385473259657068
ANN_008,0,63,0.06606250502598113
ANN_008,0,64,-0.1854763019909518
ANN_008,0,65,0.41698819922682195
ANN_008,0,66,0.1913689568660476
ANN_008,0,67,0.36098601420368426
ANN_008,0,68,0.12713125857316648
ANN_008,0,69,0.2824632886457969
ANN_008,0,70,0.3264266261121179
ANN_008,0,71,0.27906507324746715
ANN_008,0,72,-0.012074304219144377
ANN_008,0,73,0.21010973910899153
ANN_008,0,74,-0.06420006444760887
ANN_008,0,75,0.40353877075481537
ANN_008,0,76,0.36402835362664837
ANN_008,0,77,0.4610810189591797
ANN_008,0,78,-0.15959680944330287
ANN_008,0,79,0.35476373207188144
ANN_008,0,80,0.3497001816265614
ANN_008,0,81,-0.1354107256485172
ANN_008,0,82,-0.18415038944319057
ANN_008,0,83,0.347621557787885
ANN_008,0,84,0.009919330310016614
ANN_008,0,85,0.3689019795236171
ANN_008,0,86,0.09382143881961445
ANN_008,0,87,0.36289692144921853
ANN_008,0,88,-0.12674734050999367
ANN_008,0,89,0.07105612425914894
ANN_008,0,90,-0.1426183430644545
ANN_008,0,91,0.36296433705249126
ANN_008,0,92,0.3032388245458437
ANN_008,0,93,0.2210585127155672
ANN_008,0,94,-0.09771708589263103
ANN_008,0,95,0.36442967036238183
ANN_008,0,96,-0.06883305640041452
ANN_008,0,97,0.38126028216678176
ANN_008,0,98,0.22579484468626745
ANN_008,0,99,0.2093360969249574
ANN_008,0,100,0.24220724021148568
ANN_008,0,101,0.1262216272806993
ANN_008,0,102,0.3288750429230932
ANN_008,0,103,0.2254058966968675
ANN_008,0,104,0.11907294054385203
ANN_008,0,105,0.3841115692992119
ANN_008,0,106,-0.04932247450793392
ANN_008,0,107,0.24243323010925483
ANN_008,0,108,0.40298508462134
ANN_008,0,109,0.043286875160850107
ANN_008,0,110,0.2185246450175847
ANN_008,0,111,0.4341482873067084
ANN_008,0,112,0.2426487299132185
ANN_008,0,113,0.12421124614472444
ANN_008,0,114,0.0641643094972036
ANN_008,0,115,0.34158024608819226
ANN_008,0,116,0.296734137577678
ANN_008,0,117,0.5058378708002912
ANN_008,0,118,0.39712702907591085
ANN_008,0,119,0.3424314981111311
ANN_008,0,120,0.06174747850965819
ANN_008,0,121,0.14540294964882428
ANN_008,0,122,0.11966605764125672
ANN_008,0,123,0.40640899899880945
ANN_008,0,124,-0.21399648369514657
ANN_008,0,125,0.2681085117582723
ANN_008,0,126,0.3223549836129824
ANN_008,0,127,0.35830243963899394
ANN_008,1,0,0.12482812159976261
ANN_008,1,1,-0.012743675104593202
ANN_008,1,2,0.17058536971044835
ANN_008,1,3,-0.1726596015941993
ANN_008,1,4,0.1667481177337359
ANN_008,1,5,0.03857125223976184
ANN_008,1,6,0.0004980665634299591
ANN_008,1,7,0.9433403928948424
ANN_008,1,8,-0.008133510277537786
ANN_008,1,9,0.014139146780017627
ANN_008,1,10,-0.1547355287776798
ANN_008,1,11,0.19441447444621437
ANN_008,1,12,-0.07955686963175768
ANN_008,1,13,0.0071350917946356104
ANN_008,1,14,0.13465781549068576
ANN_008,1,15,0.0050119043214685395
ANN_008,1,16,-0.08032389853397402
ANN_008,1,17,0.06077587996173083
ANN_008,1,18,0.20817733267665106
ANN_008,1,19,-0.07927296636634885
ANN_008,1,20,0.0654073867392554
ANN_008,1,21,0.03734153193227502
ANN_008,1,22,0.029777746886200593
ANN_008,1,23,0.20786586119475026
ANN_008,1,24,-0.17274983952619705
ANN_008,1,25,0.8079369011848127
ANN_008,1,26,0.1098733623681629
ANN_008,1,27,0.35109422933994133
ANN_008,1,28,0.10017634312750034
ANN_008,1,29,0.0023845299251985816
ANN_008,1,30,0.10761423783494597
ANN_008,1,31,-0.10475172018049447
ANN_008,1,32,0.10237060946954317
ANN_008,1,33,-0.03300607290609934
ANN_008,1,34,-0.07210173038464021
ANN_008,1,35,-0.012377581191621268
ANN_008,1,36,0.04550292635956171
ANN_008,1,37,0.31937169026339296
ANN_008,1,38,-0.13861960296049317
ANN_008,1,39,0.13889300011841144
ANN_008,1,40,0.36100462370746966
ANN_008,1,41,0.7714542803634072
ANN_008,1,42,0.07006825796437534
ANN_008,1,43,0.19334762179215356
ANN_008,1,44,0.035223245300676685
ANN_008,1,45,-0.06881853066132353
ANN_008,1,46,-0.07030090274374587
ANN_008,1,47,0.18670595847972588
ANN_008,1,48,-0.027431209925967617
ANN_008,1,49,0.23711465391322925
ANN_008,1,50,-0.07542687483317115
ANN_008,1,51,0.118453687166701
ANN_008,1,52,-0.147114286852425
ANN_008,1,53,-0.15829420663188237
ANN_008,1,54,0.07818099850854165
ANN_008,1,55,-0.17764158825189286
ANN_008,1,56,-0.14008679520099523
ANN_008,1,57,0.09544431621459504
ANN_008,1,58,-0.16303276791149077
ANN_008,1,59,0.213984600498096
ANN_008,1,60,-0.10239893188061927
ANN_008,1,61,0.09894612198473933
ANN_008,1,62,-0.0240158021969657
ANN_008,1,63,0.0783511116188068
ANN_008,2,0,-0.036671945867403875
ANN_009,0,0,-0.22029799534834824
ANN_009,0,1,0.12455811538731729
ANN_009,0,2,-0.1225755579160216
ANN_009,0,3,-0.0732783304620249
ANN_009,0,4,-0.16152329550014868
ANN_009,0,5,0.38781560192221587
ANN_009,0,6,0.2591186911134053
ANN_009,0,7,0.28857625483627286
ANN_009,0,8,0.33727685675334373
ANN_009,0,9,0.19340959264081062
ANN_009,0,10,-0.17547435948871504
ANN_009,0,11,0.22717509118597443
ANN_009,0,12,0.22024042550846995
ANN_009,0,13,0.387242971153781
ANN_009,0,14,0.1998967390550322
ANN_009,0,15,0.10828211645221412
ANN_009,0,16,-0.09185099955726309
ANN_009,0,17,0.14236313530924902
ANN_009,0,18,0.3004514290391972
ANN_009,0,19,0.24671662152013407
ANN_009,0,20,0.17086253768560933
ANN_009,0,21,0.4443022122288245
ANN_009,0,22,0.2806267535864501
ANN_009,0,23,-0.11162484886374606
ANN_009,0,24,0.04316950832248254
ANN_009,0,25,-0.14746383917514289
ANN_009,0,26,0.14212415186303534
ANN_009,0,27,-0.144140990159476
ANN_009,0,28,0.04782444732771799
ANN_009,0,29,-0.09129058275430021
ANN_009,0,30,-0.13874939268352326
ANN_009,0,31,0.38445741541887096
ANN_009,0,32,-0.17831477192128314
ANN_009,0,33,0.20616914890213994
ANN_009,0,34,0.13527167125595324
ANN_009,0,35,0.41703883433042
ANN_009,0,36,0.09056884220335669
ANN_009,0,37,0.1928564517599248
ANN_009,0,38,0.4434701568606754
ANN_009,0,39,0.37739571837704966
ANN_009,0,40,0.3911476815704999
ANN_009,0,41,-0.10284176427262702
ANN_009,0,42,-0.13980543739397255
ANN_009,0,43,0.27494790267956637
ANN_009,0,44,0.4490717523628152
ANN_009,0,45,0.597621095456083
ANN_009,0,46,0.2615588370416032
ANN_009,0,47,0.14428293023395736
ANN_009,0,48,0.3275585511880374
ANN_009,0,49,-0.13294237452523486
ANN_009,0,50,0.0534013671534617
ANN_009,0,51,0.18419210808611108
ANN_009,0,52,0.21202781308640464
ANN_009,0,53,0.11229037849524115
ANN_009,0,54,0.03433937891804683
ANN_009,0,55,0.24722800959447
ANN_009,0,56,-0.089788767678573
ANN_009,0,57,0.23920633595808474
ANN_009,0,58,0.11108842733545825
ANN_009,0,59,0.2085538075314923
ANN_009,0,60,0.23455637884394195
ANN_009,0,61,-0.19038329781407015
ANN_009,0,62,0.15561075852411024
ANN_009,0,63,0.055630987502797394
ANN_009,0,64,-0.1854763019909518
ANN_009,0,65,0.41461181260400687
ANN_009,0,66,0.18535506412711886
ANN_009,0,67,0.3499647339783118
ANN_009,0,68,0.12258315922965662
ANN_009,0,69,0.2678741484721269
ANN_009,0,70,0.3159523476714516
ANN_009,0,71,0.27133890588889037
ANN_009,0,72,-0.012074304219144377
ANN_009,0,73,0.2021545314827045
ANN_009,0,74,-0.06420006444760887
ANN_009,0,75,0.39685983109980427
ANN_009,0,76,0.35818840865085694
ANN_009,0,77,0.4558915538131548
ANN_009,0,78,-0.15959680944330287
ANN_009,0,79,0.3504558459773071
ANN_009,0,80,0.34865255122355704
ANN_009,0,81,-0.1354107256485172
ANN_009,0,82,-0.18415038944319057
ANN_009,0,83,0.34224281503194975
ANN_009,0,84,0.014346682007290418
ANN_009,0,85,0.3666663307354927
ANN_009,0,86,0.09140720550960078
ANN_009,0,87,0.35486477426078955
ANN_009,0,88,-0.12674734050999367
ANN_009,0,89,0.05767379957261463
ANN_009,0,90,-0.1426183430644545
ANN_009,0,91,0.35674810132764423
ANN_009,0,92,0.2908893238812589
ANN_009,0,93,0.22193624195379036
ANN_009,0,94,0.4557669549894879
ANN_009,0,95,0.3534611165945989
ANN_009,0,96,0.1998967596707944
ANN_009,0,97,0.37336840557183376
ANN_009,0,98,0.21949775159387963
ANN_009,0,99,0.20333641459995608
ANN_009,0,100,0.23966863777845623
ANN_009,0,101,0.1132635009946272
ANN_009,0,102,0.33012241080055194
ANN_009,0,103,0.21387304745269045
ANN_009,0,104,0.10751531527772802
ANN_009,0,105,0.38215076594452163
ANN_009,0,106,-0.04932247450793392
ANN_009,0,107,0.2302982130278491
ANN_009,0,108,0.40334779059149983
ANN_009,0,109,0.07483093258561212
ANN_009,0,110,0.07756162129482158
ANN_009,0,111,0.43358579473596354
ANN_009,0,112,0.24113564684037728
ANN_009,0,113,0.12883083232142223
ANN_009,0,114,0.051371114965911985
ANN_009,0,115,0.32631893852702304
ANN_009,0,116,0.29263907032403613
ANN_009,0,117,0.43419853782438095
ANN_009,0,118,0.38355356560587694
ANN_009,0,119,0.3314780698389338
ANN_009,0,120,0.04810200853455613
ANN_009,0,121,0.142021607477909
ANN_009,0,122,0.11487540598444285
ANN_009,0,123,0.38183848984805363
ANN_009,0,124,-0.20966816637087998
ANN_009,0,125,0.2622443524965855
ANN_009,0,126,0.31607918678848496
ANN_009,0,127,0.3546350255406168
ANN_009,1,0,0.11480792320778746
ANN_009,1,1,-0.008321681685365517
ANN_009,1,2,0.15880643058387045
ANN_009,1,3,-0.1726596015941993
ANN_009,1,4,0.15402155876962845
ANN_009,1,5,0.04320247467644902
ANN_009,1,6,0.0061299755095423035
ANN_009,1,7,0.802723902622745
ANN_009,1,8,-0.002284754461819252
ANN_009,1,9,0.004509976160957282
ANN_009,1,10,-0.15028781987115314
ANN_009,1,11,0.18164950226654897
ANN_009,1,12,-0.07955686963175768
ANN_009,1,13,-0.005023815745854282
ANN_009,1,14,0.12206600443948736
ANN_009,1,15,0.008909136549496948
ANN_009,1,16,-0.07575743950182108
ANN_009,1,17,0.06535193926582696
ANN_009,1,18,0.19741745325525417
ANN_009,1,19,-0.07472054778748581
ANN_009,1,20,0.07059284328280652
ANN_009,1,21,0.04154257889355715
ANN_009,1,22,0.03461740287459717
ANN_009,1,23,0.19678140474806832
ANN_009,1,24,-0.17274983952619705
ANN_009,1,25,0.7662594646981213
ANN_009,1,26,0.09722457081131347
ANN_009,1,27,0.33979882896792607
ANN_009,1,28,0.10445468531961503
ANN_009,1,29,0.007795782913326085
ANN_009,1,30,0.10386458926973706
ANN_009,1,31,-0.10475172018049447
ANN_009,1,32,0.09379302347878879
ANN_009,1,33,-0.027894410211290917
ANN_009,1,34,-0.07210173038464021
ANN_009,1,35,-0.007933049484128133
ANN_009,1,36,0.03721021670652316
ANN_009,1,37,0.30628620964822
ANN_009,1,38,-0.13861960296049317
ANN_009,1,39,0.14296219969504764
ANN_009,1,40,0.35268704784671534
ANN_009,1,41,0.8368453362626608
ANN_009,1,42,0.07287112345345971
ANN_009,1,43,0.18521902581979305
ANN_009,1,44,0.03840704698848457
ANN_009,1,45,-0.06540343519246883
ANN_009,1,46,-0.07030090274374587
ANN_009,1,47,0.17431048504294142
ANN_009,1,48,-0.02250716237712409
ANN_009,1,49,0.22758811356370287
ANN_009,1,50,-0.07542687483317115
ANN_009,1,51,0.11707734410081484
ANN_009,1,52,-0.147114286852425
ANN_009,1,53,-0.15829420663188237
ANN_009,1,54,0.06638651099969263
ANN_009,1,55,-0.17270375716692635
ANN_009,1,56,-0.14008679520099523
ANN_009,1,57,0.09933521851751097
ANN_009,1,58,-0.16303276791149077
ANN_009,1,59,0.2013402449937993
ANN_009,1,60,-0.09779505124493046
ANN_009,1,61,0.10455820455644198
ANN_009,1,62,-0.0194401011346679
ANN_009,1,63,0.06563521608651597
ANN_009,2,0,-0.049263906657675244
ANN_010,0,0,-0.22491827368192682
ANN_010,0,1,0.13691215136752455
ANN_010,0,2,-0.1225755579160216
ANN_010,0,3,-0.0732783304620249
ANN_010,0,4,-0.16152329550014868
ANN_010,0,5,0.3936383457041195
ANN_010,0,6,0.2562053872101179
ANN_010,0,7,0.2986960640580513
ANN_010,0,8,0.3407420352394225
ANN_010,0,9,0.20688181191935356
ANN_010,0,10,-0.17547435948871504
ANN_010,0,11,0.2392113390131981
ANN_010,0,12,0.23395879748953818
ANN_010,0,13,0.4505182672237196
ANN_010,0,14,0.20279440668462836
ANN_010,0,15,0.11245699770523927
ANN_010,0,16,-0.09185099955726309
ANN_010,0,17,0.1465164949127098
ANN_010,0,18,0.301004041520858
ANN_010,0,19,0.24397996727705507
ANN_010,0,20,0.17246474364203734
ANN_010,0,21,0.4510115113080235
ANN_010,0,22,0.2736059386244648
ANN_010,0,23,-0.11162484886374606
ANN_010,0,24,0.07342760655059499
ANN_010,0,25,-0.14746383917514289
ANN_010,0,26,0.13932046170435344
ANN_010,0,27,-0.144140990159476
ANN_010,0,28,0.050071708951124325
ANN_010,0,29,-0.09129058275430021
ANN_010,0,30,-0.13874939268352326
ANN_010,0,31,0.3924901421231062
ANN_010,0,32,-0.17831477192128314
ANN_010,0,33,0.21513949353677328
ANN_010,0,34,0.1353593718177465
ANN_010,0,35,0.42460783478981207
ANN_010,0,36,0.09521712245891802
ANN_010,0,37,0.21689587396889368
ANN_010,0,38,0.44446361730161504
ANN_010,0,39,0.3830564908392778
ANN_010,0,40,0.39625688944256354
ANN_010,0,41,-0.10284176427262702
ANN_010,0,42,-0.13980543739397255
ANN_010,0,43,0.27963460740503704
ANN_010,0,44,0.5110983209920659
ANN_010,0,45,0.008408879554741951
ANN_010,0,46,0.264645407497507
ANN_010,0,47,0.15371288918351586
ANN_010,0,48,0.320555566758375
ANN_010,0,49,-0.13294237452523486
ANN_010,0,50,0.030849378428349825
ANN_010,0,51,0.19291807036645117
ANN_010,0,52,0.22180784235545384
ANN_010,0,53,0.11367790704753634
ANN_010,0,54,0.04220544205064473
ANN_010,0,55,0.2531502690793403
ANN_010,0,56,-0.089788767678573
ANN_010,0,57,0.2373100808493854
ANN_010,0,58,0.11066704572358488
ANN_010,0,59,0.20552900420672127
ANN_010,0,60,0.239113995441723
ANN_010,0,61,-0.19038329781407015
ANN_010,0,62,0.16231406574938753
ANN_010,0,63,0.06519445423720784
ANN_010,0,64,-0.1854763019909518
ANN_010,0,65,0.41423800841865244
ANN_010,0,66,0.1918511498734787
ANN_010,0,67,0.3584400498567849
ANN_010,0,68,0.1280984010933205
ANN_010,0,69,0.28215374571470087
ANN_010,0,70,0.3239785945012028
ANN_010,0,71,0.27713188406033706
ANN_010,0,72,-0.012074304219144377
ANN_010,0,73,0.2070227588246378
ANN_010,0,74,-0.06420006444760887
ANN_010,0,75,0.40187407627017563
ANN_010,0,76,0.3567851345982999
ANN_010,0,77,0.45829960608030385
ANN_010,0,78,-0.15959680944330287
ANN_010,0,79,0.3528525366763082
ANN_010,0,80,0.35054418317076236
ANN_010,0,81,-0.1354107256485172
ANN_010,0,82,-0.18415038944319057
ANN_010,0,83,0.34597337042991966
ANN_010,0,84,0.009672990304253417
ANN_010,0,85,0.3672207621035056
ANN_010,0,86,0.09056907007557716
ANN_010,0,87,0.3619161722547152
ANN_010,0,88,-0.12674734050999367
ANN_010,0,89,0.07155043091443831
ANN_010,0,90,-0.1426183430644545
ANN_010,0,91,0.35901491461455015
ANN_010,0,92,0.29896123742193864
ANN_010,0,93,0.21932873639322878
ANN_010,0,94,0.5093181099103815
ANN_010,0,95,0.3627595429126208
ANN_010,0,96,-0.06897001462827407
ANN_010,0,97,0.378285456791002
ANN_010,0,98,0.22412085798582101
ANN_010,0,99,0.20844605638028324
ANN_010,0,100,0.24110710922105985
ANN_010,0,101,0.12560979119899282
ANN_010,0,102,0.3254833207648237
ANN_010,0,103,0.22171293675487344
ANN_010,0,104,0.11686856848479933
ANN_010,0,105,0.38223349003672485
ANN_010,0,106,-0.04932247450793392
ANN_010,0,107,0.24036165497513307
ANN_010,0,108,0.3990641381191232
ANN_010,0,109,0.3153918798662845
ANN_010,0,110,0.220777805984908
ANN_010,0,111,0.431524906674038
ANN_010,0,112,0.2386787559496595
ANN_010,0,113,0.11606019560184933
ANN_010,0,114,0.06394862196960435
ANN_010,0,115,0.3397266028392948
ANN_010,0,116,0.29324399542909013
ANN_010,0,117,0.3401383693281699
ANN_010,0,118,0.39054291386650986
ANN_010,0,119,0.3376210744710721
ANN_010,0,120,0.060094112381239996
ANN_010,0,121,0.14135826169368151
ANN_010,0,122,0.1197937554113689
ANN_010,0,123,0.33756001493366333
ANN_010,0,124,-0.21399142061648732
ANN_010,0,125,0.26854804007187216
ANN_010,0,126,0.3215012572254925
ANN_010,0,127,0.3563271825190647
ANN_010,1,0,0.12428343164983342
ANN_010,1,1,-0.012743628312962914
ANN_010,1,2,0.1702143882130838
ANN_010,1,3,-0.1726596015941993
ANN_010,1,4,0.16669738477156143
ANN_010,1,5,0.038571204513188705
ANN_010,1,6,0.0004880346437679221
ANN_010,1,7,0.8128206561759275
ANN_010,1,8,-0.008156775655522223
ANN_010,1,9,0.013997161199072596
ANN_010,1,10,-0.1547363877606265
ANN_010,1,11,0.19429187474474852
ANN_010,1,12,-0.07955686963175768
ANN_010,1,13,0.007039256435926798
ANN_010,1,14,0.13454607923405562
ANN_010,1,15,0.005011899508922947
ANN_010,1,16,-0.08032385513862095
ANN_010,1,17,0.06077586474163547
ANN_010,1,18,0.20809255790035638
ANN_010,1,19,-0.07927294376374504
ANN_010,1,20,0.06540623829000168
ANN_010,1,21,0.037341532512264186
ANN_010,1,22,0.029777708295401096
ANN_010,1,23,0.20751734973610564
ANN_010,1,24,-0.17274983952619705
ANN_010,1,25,0.7892573562111269
ANN_010,1,26,0.10978628563409883
ANN_010,1,27,0.3506899603461645
ANN_010,1,28,0.10301440576792717
ANN_010,1,29,0.0023757014668743656
ANN_010,1,30,0.1332847995911099
ANN_010,1,31,-0.10475172018049447
ANN_010,1,32,0.10228911214575262
ANN_010,1,33,-0.03300607925100537
ANN_010,1,34,-0.07210173038464021
ANN_010,1,35,-0.012377582751201993
ANN_010,1,36,0.045321935188982455
ANN_010,1,37,0.31928649658077596
ANN_010,1,38,-0.13861960296049317
ANN_010,1,39,0.13889299844908662
ANN_010,1,40,0.3604380208840609
ANN_010,1,41,0.7634128601724876
ANN_010,1,42,0.07006825799649358
ANN_010,1,43,0.19274261392821931
ANN_010,1,44,0.03522324540265783
ANN_010,1,45,-0.06881853224300148
ANN_010,1,46,-0.07030090274374587
ANN_010,1,47,0.1865747930625124
ANN_010,1,48,-0.027442253127489335
ANN_010,1,49,0.23660876298042166
ANN_010,1,50,-0.07542687483317115
ANN_010,1,51,-0.047037509652981896
ANN_010,1,52,-0.147114286852425
ANN_010,1,53,-0.15829420663188237
ANN_010,1,54,0.0780341188963043
ANN_010,1,55,-0.17764294343382228
ANN_010,1,56,-0.14008679520099523
ANN_010,1,57,0.09544431032692564
ANN_010,1,58,-0.16303276791149077
ANN_010,1,59,0.21386486764535953
ANN_010,1,60,-0.10237527315935709
ANN_010,1,61,0.0989904567459406
ANN_010,1,62,-0.02401594747481841
ANN_010,1,63,0.07829489412533668
ANN_010,2,0,-0.0366809418385537
ANN_011,0,0,-0.22027791082394335
ANN_011,0,1,0.12592584985623276
ANN_011,0,2,-0.1225755579160216
ANN_011,0,3,-0.0732783304620249
ANN_011,0,4,-0.16152329550014868
ANN_011,0,5,0.3963535959555821
ANN_011,0,6,0.27096349475932413
ANN_011,0,7,0.29319991347458035
ANN_011,0,8,0.3399241814258659
ANN_011,0,9,0.19719476042067585
ANN_011,0,10,-0.17547435948871504
ANN_011,0,11,0.2294659332922953
ANN_011,0,12,0.22253270830733077
ANN_011,0,13,0.4148436504201433
ANN_011,0,14,0.21166221419401723
ANN_011,0,15,0.11524498198253137
ANN_011,0,16,-0.09185099955726309
ANN_011,0,17,0.1451425869584049
ANN_011,0,18,0.3058829252894718
ANN_011,0,19,0.25786918370430395
ANN_011,0,20,0.17513606462153194
ANN_011,0,21,0.4546492991477424
ANN_011,0,22,0.28827542282204105
ANN_011,0,23,-0.11162484886374606
ANN_011,0,24,0.048568302864272904
ANN_011,0,25,-0.14746383917514289
ANN_011,0,26,0.14646146095759993
ANN_011,0,27,-0.144140990159476
ANN_011,0,28,0.04996496189691281
ANN_011,0,29,-0.09129058275430021
ANN_011,0,30,-0.13874939268352326
ANN_011,0,31,0.39243292335048313
ANN_011,0,32,-0.17831477192128314
ANN_011,0,33,0.2074005964728785
ANN_011,0,34,0.13806418325163933
ANN_011,0,35,0.4253051197542087
ANN_011,0,36,0.09477293780119259
ANN_011,0,37,0.21320275306343486
ANN_011,0,38,0.45139237361031764
ANN_011,0,39,0.38499754497174804
ANN_011,0,40,0.40164660017188847
ANN_011,0,41,-0.10284176427262702
ANN_011,0,42,-0.13980543739397255
ANN_011,0,43,0.2841785733005
ANN_011,0,44,0.47823281570269965
ANN_011,0,45,0.01120389376840056
ANN_011,0,46,0.2667610582309033
ANN_011,0,47,0.1505916552820916
ANN_011,0,48,0.33657717722669567
ANN_011,0,49,-0.13294237452523486
ANN_011,0,50,0.044924679771029985
ANN_011,0,51,0.1886763760948175
ANN_011,0,52,0.21312151102404667
ANN_011,0,53,0.1149143329753227
ANN_011,0,54,0.036437321268006
ANN_011,0,55,0.24723902388699362
ANN_011,0,56,-0.089788767678573
ANN_011,0,57,0.2532893515755031
ANN_011,0,58,0.11498830217382235
ANN_011,0,59,0.21367356618885033
ANN_011,0,60,0.2422222134763219
ANN_011,0,61,-0.19038329781407015
ANN_011,0,62,0.1599300912022742
ANN_011,0,63,0.05839488755835467
ANN_011,0,64,-0.1854763019909518
ANN_011,0,65,0.4203090267220725
ANN_011,0,66,0.19704003083145555
ANN_011,0,67,0.35448118460146155
ANN_011,0,68,0.12769274964399344
ANN_011,0,69,0.27055854858553396
ANN_011,0,70,0.31685882011302724
ANN_011,0,71,0.2785604801845078
ANN_011,0,72,-0.012074304219144377
ANN_011,0,73,0.2056622563091288
ANN_011,0,74,-0.06420006444760887
ANN_011,0,75,0.39890358997887343
ANN_011,0,76,0.3692828091889389
ANN_011,0,77,0.46885585266234525
ANN_011,0,78,-0.15959680944330287
ANN_011,0,79,0.3612371771876687
ANN_011,0,80,0.3706061459045158
ANN_011,0,81,-0.1354107256485172
ANN_011,0,82,-0.18415038944319057
ANN_011,0,83,0.35298221602589314
ANN_011,0,84,0.014242090135498228
ANN_011,0,85,0.378470905174096
ANN_011,0,86,0.09152221871372357
ANN_011,0,87,0.3647625200157279
ANN_011,0,88,-0.12674734050999367
ANN_011,0,89,0.06102800952277751
ANN_011,0,90,-0.1426183430644545
ANN_011,0,91,0.36196657329790727
ANN_011,0,92,0.2930136410891508
ANN_011,0,93,0.22791450307503705
ANN_011,0,94,0.4853923941230518
ANN_011,0,95,0.3592733551902969
ANN_011,0,96,0.22281231313988065
ANN_011,0,97,0.38237571113969293
ANN_011,0,98,0.2275192503509533
ANN_011,0,99,0.21290145650071762
ANN_011,0,100,0.24995252103231
ANN_011,0,101,0.1153645253597027
ANN_011,0,102,0.3357659003391448
ANN_011,0,103,0.21625230148275706
ANN_011,0,104,0.10951993424608793
ANN_011,0,105,0.3925576100872206
ANN_011,0,106,-0.04932247450793392
ANN_011,0,107,0.23293992696576263
ANN_011,0,108,0.4132258890486835
ANN_011,0,109,0.3636452004124241
ANN_011,0,110,0.09540888831762803
ANN_011,0,111,0.4434436238791972
ANN_011,0,112,0.24132523080546442
ANN_011,0,113,0.12487474852446409
ANN_011,0,114,0.0541580002328021
ANN_011,0,115,0.33348686555792045
ANN_011,0,116,0.29817245046681373
ANN_011,0,117,0.48497743456888215
ANN_011,0,118,0.3880742794769615
ANN_011,0,119,0.33554800637693555
ANN_011,0,120,0.04914646183638444
ANN_011,0,121,0.141344102094145
ANN_011,0,122,0.1199539608692871
ANN_011,0,123,0.4160796047640839
ANN_011,0,124,-0.2096617344759929
ANN_011,0,125,0.27262296836685734
ANN_011,0,126,0.32002361571260135
ANN_011,0,127,0.3551454581320293
ANN_011,1,0,0.11897219335867706
ANN_011,1,1,-0.00830741247194808
ANN_011,1,2,0.1625318840179531
ANN_011,1,3,-0.1726596015941993
ANN_011,1,4,0.15636222231954985
ANN_011,1,5,0.043195661657263115
ANN_011,1,6,0.006113564355346933
ANN_011,1,7,0.85919440745067
ANN_011,1,8,-0.002290723342643313
ANN_011,1,9,0.007252321742505585
ANN_011,1,10,-0.15026931468036975
ANN_011,1,11,0.18450447598501366
ANN_011,1,12,-0.07955686963175768
ANN_011,1,13,-0.00239214960620123
ANN_011,1,14,0.12490135635186499
ANN_011,1,15,0.008909133439886833
ANN_011,1,16,-0.07579505924536481
ANN_011,1,17,0.06535193568719459
ANN_011,1,18,0.19993158652743367
ANN_011,1,19,-0.07472097107553913
ANN_011,1,20,0.07058945338464745
ANN_011,1,21,0.041548858560757095
ANN_011,1,22,0.0346173724581207
ANN_011,1,23,0.2004614134863647
ANN_011,1,24,-0.17274983952619705
ANN_011,1,25,0.8120807070294325
ANN_011,1,26,0.09982678655191211
ANN_011,1,27,0.34367029275740024
ANN_011,1,28,0.10564703398421377
ANN_011,1,29,0.007804115855866486
ANN_011,1,30,0.128734693885302
ANN_011,1,31,-0.10475172018049447
ANN_011,1,32,0.09642729943335551
ANN_011,1,33,-0.027879301700038085
ANN_011,1,34,-0.07210173038464021
ANN_011,1,35,-0.007933057594966372
ANN_011,1,36,0.03971298393360361
ANN_011,1,37,0.3087755917744374
ANN_011,1,38,-0.13861960296049317
ANN_011,1,39,0.1429621990574012
ANN_011,1,40,0.35708108199364963
ANN_011,1,41,0.8499471020200465
ANN_011,1,42,0.07287112362405886
ANN_011,1,43,0.1896159118073847
ANN_011,1,44,0.03840704717202521
ANN_011,1,45,-0.06540343613944968
ANN_011,1,46,-0.07030090274374587
ANN_011,1,47,0.17708824672025045
ANN_011,1,48,-0.022495116226600387
ANN_011,1,49,0.2317760212318138
ANN_011,1,50,-0.07542687483317115
ANN_011,1,51,0.12223978321787998
ANN_011,1,52,-0.147114286852425
ANN_011,1,53,-0.15829420663188237
ANN_011,1,54,0.06925511634132756
ANN_011,1,55,-0.1727035504128566
ANN_011,1,56,-0.14008679520099523
ANN_011,1,57,0.09933525962084437
ANN_011,1,58,-0.16303276791149077
ANN_011,1,59,0.20409290085139958
ANN_011,1,60,-0.09778647571531246
ANN_011,1,61,0.10459746709731228
ANN_011,1,62,-0.019459852560099158
ANN_011,1,63,0.06802355406147094
ANN_011,2,0,-0.04749772068400472
ANN_012,0,0,-0.32375160338959336
ANN_012,0,1,0.059886619200938115
ANN_012,0,2,-0.09853216441703908
ANN_012,0,3,-0.20316948285791162
ANN_012,0,4,-0.29062578487738816
ANN_012,0,5,0.30446176654884544
ANN_012,0,6,0.1837910234059828
ANN_012,0,7,0.22187807983308028
ANN_012,0,8,0.2438726696833545
ANN_012,0,9,0.1394480583748425
ANN_012,0,10,-0.28192070836566313
ANN_012,0,11,0.12980550024436913
ANN_012,0,12,0.15381845975644945
ANN_012,0,13,-0.011240476589379652
ANN_012,0,14,-0.1748997210561792
ANN_012,0,15,-0.28202984989427965
ANN_012,0,16,-0.07792831289806419
ANN_012,0,17,0.07953448989980468
ANN_012,0,18,0.22677758037391713
ANN_012,0,19,-0.0015902822112205631
ANN_012,0,20,-0.20244041738448523
ANN_012,0,21,0.3389897318309276
ANN_012,0,22,0.05451946371367074
ANN_012,0,23,-0.24050105687594436
ANN_012,0,24,-0.3107827089416494
ANN_012,0,25,-0.1837850349290094
ANN_012,0,26,-0.23809494551938784
ANN_012,0,27,-0.2611378053190123
ANN_012,0,28,0.03606482490837044
ANN_012,0,29,-0.22608724694837404
ANN_012,0,30,-0.2400450187346078
ANN_012,0,31,0.2672026132185944
ANN_012,0,32,-0.29973743680311155
ANN_012,0,33,0.14823283468233622
ANN_012,0,34,-0.16997537471318316
ANN_012,0,35,0.30514296244987527
ANN_012,0,36,-0.21623061861345408
ANN_012,0,37,-0.17832099727248735
ANN_012,0,38,0.32131062289410955
ANN_012,0,39,0.2860142027095299
ANN_012,0,40,0.15992880955659472
ANN_012,0,41,-0.2648774997016882
ANN_012,0,42,-0.25463310690983454
ANN_012,0,43,0.196711925015469
ANN_012,0,44,0.031328516453822015
ANN_012,0,45,-0.09338793222286466
ANN_012,0,46,-0.29540416228573513
ANN_012,0,47,-0.2329583491714107
ANN_012,0,48,0.15018984474859487
ANN_012,0,49,-0.15896520051871216
ANN_012,0,50,-0.10936591923275132
ANN_012,0,51,-0.1705285590903876
ANN_012,0,52,0.11741350739926303
ANN_012,0,53,-0.23819618951890617
ANN_012,0,54,-0.021044143355448876
ANN_012,0,55,0.18667344394180652
ANN_012,0,56,-0.21875410000501694
ANN_012,0,57,0.14882483074527403
ANN_012,0,58,-0.26711268423665985
ANN_012,0,59,-0.13325458569870124
ANN_012,0,60,0.1340970510062022
ANN_012,0,61,-0.2915880112280377
ANN_012,0,62,-0.22813400394243777
ANN_012,0,63,-0.07203745505399368
ANN_012,0,64,-0.2971972623042017
ANN_012,0,65,0.3518746459684754
ANN_012,0,66,-0.2202379814285552
ANN_012,0,67,0.26372872303464123
ANN_012,0,68,-0.24275866463680024
ANN_012,0,69,0.18406833596934305
ANN_012,0,70,0.21997644749478995
ANN_012,0,71,0.1619946392837274
ANN_012,0,72,-0.10792683868863728
ANN_012,0,73,-0.17464094410310588
ANN_012,0,74,-0.19110027961710738
ANN_012,0,75,0.3054405664721876
ANN_012,0,76,0.31070689116374706
ANN_012,0,77,0.0723774916849794
ANN_012,0,78,-0.20967825874936383
ANN_012,0,79,-0.03610070134263009
ANN_012,0,80,0.2126320333683368
ANN_012,0,81,-0.2681327888568858
ANN_012,0,82,-0.29220049476324894
ANN_012,0,83,0.341815768900947
ANN_012,0,84,-0.11245852258585459
ANN_012,0,85,0.28289652703136514
ANN_012,0,86,-0.28140215837996096
ANN_012,0,87,0.24758627614759926
ANN_012,0,88,-0.2798085253687988
ANN_012,0,89,-0.007801140989418242
ANN_012,0,90,-0.14838916680918146
ANN_012,0,91,0.2665179202477965
ANN_012,0,92,0.2062584143116094
ANN_012,0,93,0.14744156518848922
ANN_012,0,94,-0.17038308248174794
ANN_012,0,95,0.2625577854366401
ANN_012,0,96,-0.16971115575771134
ANN_012,0,97,0.2803903481158819
ANN_012,0,98,-0.0668045346683996
ANN_012,0,99,-0.2094649173906784
ANN_012,0,100,-0.1576082670354058
ANN_012,0,101,0.039904937942789785
ANN_012,0,102,0.2426152553633054
ANN_012,0,103,0.12162363689908379
ANN_012,0,104,0.00040882361861289897
ANN_012,0,105,0.2552113424782817
ANN_012,0,106,-0.1934081298179769
ANN_012,0,107,0.14624791834407652
ANN_012,0,108,0.12892846652456932
ANN_012,0,109,-0.08385268114003376
ANN_012,0,110,-0.3268554253036293
ANN_012,0,111,0.33149229554374315
ANN_012,0,112,0.1790973113566794
ANN_012,0,113,-0.19202251049382352
ANN_012,0,114,-0.021248248136847305
ANN_012,0,115,0.26364972870162984
ANN_012,0,116,-0.08911533908501992
ANN_012,0,117,-0.007944929364413426
ANN_012,0,118,0.3030406118363561
ANN_012,0,119,0.2452900231811485
ANN_012,0,120,-0.010433660150514227
ANN_012,0,121,-0.2554967794634235
ANN_012,0,122,-0.10449510321447932
ANN_012,0,123,-0.02130223059012112
ANN_012,0,124,-0.3430306954044867
ANN_012,0,125,0.1993072804608446
ANN_012,0,126,0.22348554246328997
ANN_012,0,127,0.2840798208744558
ANN_012,1,0,0.010160349486403689
ANN_012,1,1,-0.06781414566884207
ANN_012,1,2,0.05519496253965708
ANN_012,1,3,-0.22536778372425878
ANN_012,1,4,0.07793666869666738
ANN_012,1,5,-0.02369241466685418
ANN_012,1,6,-0.05111787745501709
ANN_012,1,7,0.16265620483432558
ANN_012,1,8,-0.06898527954502107
ANN_012,1,9,-0.08536028198079773
ANN_012,1,10,-0.21283045198930553
ANN_012,1,11,0.1059626797000013
ANN_012,1,12,-0.13897254566587672
ANN_012,1,13,-0.07647440187307601
ANN_012,1,14,0.04091996952702872
ANN_012,1,15,-0.05475218081396454
ANN_012,1,16,-0.1293778346527213
ANN_012,1,17,0.0071638988330593786
ANN_012,1,18,0.11864800463493154
ANN_012,1,19,-0.13359128318058475
ANN_012,1,20,0.001977544112591744
ANN_012,1,21,-0.01648225244990699
ANN_012,1,22,-0.03183707986418282
ANN_012,1,23,0.09099578599152522
ANN_012,1,24,-0.1045533331193227
ANN_012,1,25,0.172753917141197
ANN_012,1,26,0.024165298973998696
ANN_012,1,27,0.2395863337197771
ANN_012,1,28,0.05134464485326461
ANN_012,1,29,-0.044051143246642964
ANN_012,1,30,0.00298151907213195
ANN_012,1,31,-0.03157844601236349
ANN_012,1,32,0.010125531145465326
ANN_012,1,33,-0.08598590503390299
ANN_012,1,34,-0.1332960610685065
ANN_012,1,35,-0.07222198981588202
ANN_012,1,36,-0.045110322587321616
ANN_012,1,37,0.2230083074391122
ANN_012,1,38,-0.06451976289181606
ANN_012,1,39,0.08257323291657984
ANN_012,1,40,0.24842505916461194
ANN_012,1,41,-0.07421425695865098
ANN_012,1,42,0.008236588688071667
ANN_012,1,43,-0.11118753754158771
ANN_012,1,44,-0.0290374693682793
ANN_012,1,45,-0.12611371256793025
ANN_012,1,46,0.008133488456340399
ANN_012,1,47,0.09877868551234928
ANN_012,1,48,-0.09136076562484294
ANN_012,1,49,0.12083564101803396
ANN_012,1,50,-0.14315699670562074
ANN_012,1,51,0.03676807532565106
ANN_012,1,52,-0.07264205944998539
ANN_012,1,53,-0.09510754514411685
ANN_012,1,54,-0.0186723450475759
ANN_012,1,55,-0.2267084531469563
ANN_012,1,56,-0.2075135951078232
ANN_012,1,57,0.025523429850341502
ANN_012,1,58,-0.23812997354110765
ANN_012,1,59,0.12396526505504973
ANN_012,1,60,-0.15256190986934656
ANN_012,1,61,0.04923669279080858
ANN_012,1,62,-0.08444177655399292
ANN_012,1,63,-0.010161980492534707
ANN_012,2,0,0.9092705739322545
ANN_013,0,0,-0.3236895070007318
ANN_013,0,1,0.07332689792561645
ANN_013,0,2,-0.10201487670662593
ANN_013,0,3,-0.2120943371736019
ANN_013,0,4,-0.291306264172049
ANN_013,0,5,0.3097973345276205
ANN_013,0,6,0.20214052772758534
ANN_013,0,7,0.22402436635500766
ANN_013,0,8,0.24424340709232922
ANN_013,0,9,0.1424666215277378
ANN_013,0,10,-0.2805306980719312
ANN_013,0,11,0.13977699355636755
ANN_013,0,12,0.15316309359024333
ANN_013,0,13,-0.010892479128696557
ANN_013,0,14,-0.17385311709965848
ANN_013,0,15,-0.28213054008059113
ANN_013,0,16,-0.0806359757764578
ANN_013,0,17,0.07973100064187921
ANN_013,0,18,0.24217615794647612
ANN_013,0,19,0.004834648890100203
ANN_013,0,20,-0.20614266263917277
ANN_013,0,21,0.3417788334640733
ANN_013,0,22,0.05932799977769932
ANN_013,0,23,-0.2539913072532602
ANN_013,0,24,-0.3140196489240709
ANN_013,0,25,-0.19241674946302556
ANN_013,0,26,-0.23960929241496634
ANN_013,0,27,-0.2610410790386468
ANN_013,0,28,0.08342334305550543
ANN_013,0,29,-0.23247660707632498
ANN_013,0,30,-0.23880439172315143
ANN_013,0,31,0.2663106979783242
ANN_013,0,32,-0.305804345842801
ANN_013,0,33,0.1538203341266795
ANN_013,0,34,-0.18063366581718918
ANN_013,0,35,0.3035340681179394
ANN_013,0,36,-0.22332104234237474
ANN_013,0,37,-0.1796965951367578
ANN_013,0,38,0.322178624735102
ANN_013,0,39,0.28791545363239046
ANN_013,0,40,0.16350637293938888
ANN_013,0,41,-0.28050461111157965
ANN_013,0,42,-0.25402754608466166
ANN_013,0,43,0.19790716085937088
ANN_013,0,44,0.029558388996508953
ANN_013,0,45,-0.1131692518898919
ANN_013,0,46,-0.2987938631225612
ANN_013,0,47,-0.23542956596712475
ANN_013,0,48,0.15510869689836926
ANN_013,0,49,-0.1633872020073411
ANN_013,0,50,-0.11734829436801633
ANN_013,0,51,-0.17460228726708768
ANN_013,0,52,0.11754290035737834
ANN_013,0,53,-0.2405650312184595
ANN_013,0,54,-0.01952635462843201
ANN_013,0,55,0.22026671285134575
ANN_013,0,56,-0.22657168421546145
ANN_013,0,57,0.14939384480531895
ANN_013,0,58,-0.2671892759126567
ANN_013,0,59,-0.13455991030956646
ANN_013,0,60,0.13511848226456644
ANN_013,0,61,-0.29000810784564557
ANN_013,0,62,-0.24072189544949327
ANN_013,0,63,-0.0673009332936976
ANN_013,0,64,-0.29696023240482267
ANN_013,0,65,0.3610459906086466
ANN_013,0,66,-0.22268500803044414
ANN_013,0,67,0.2648794257286504
ANN_013,0,68,-0.24991127658376228
ANN_013,0,69,0.1826275194098301
ANN_013,0,70,0.21883558140694803
ANN_013,0,71,0.1633798849408146
ANN_013,0,72,-0.12013496181463658
ANN_013,0,73,-0.17723431993063185
ANN_013,0,74,-0.1924043463350601
ANN_013,0,75,0.3053402933011537
ANN_013,0,76,0.31397427698663255
ANN_013,0,77,0.07267787470265395
ANN_013,0,78,-0.21615709742932424
ANN_013,0,79,-0.03739383747078177
ANN_013,0,80,0.21800558096191272
ANN_013,0,81,-0.27064031317806275
ANN_013,0,82,-0.2914001649416062
ANN_013,0,83,0.3348463565126517
ANN_013,0,84,-0.11458289089642631
ANN_013,0,85,0.2864046278567651
ANN_013,0,86,-0.28305665210407105
ANN_013,0,87,0.26409122424500037
ANN_013,0,88,-0.2851125893793679
ANN_013,0,89,-0.006301406117154808
ANN_013,0,90,-0.15266196359788134
ANN_013,0,91,0.2689589112210597
ANN_013,0,92,0.20820593515322733
ANN_013,0,93,0.15686208371011306
ANN_013,0,94,-0.17071396321636975
ANN_013,0,95,0.26161749987859345
ANN_013,0,96,-0.17081105890617146
ANN_013,0,97,0.282519662580784
ANN_013,0,98,-0.07464963230937187
ANN_013,0,99,-0.22162421201192017
ANN_013,0,100,-0.1848907161717531
ANN_013,0,101,0.04054010912582445
ANN_013,0,102,0.24604936915541945
ANN_013,0,103,0.12253027088377515
ANN_013,0,104,0.0001556206324603666
ANN_013,0,105,0.268283933421571
ANN_013,0,106,-0.20679307567796074
ANN_013,0,107,0.14668218106682082
ANN_013,0,108,0.13192733289686973
ANN_013,0,109,-0.09282548231841628
ANN_013,0,110,-0.3428486430743199
ANN_013,0,111,0.33581715990775746
ANN_013,0,112,0.18854881119150294
ANN_013,0,113,-0.19347616166054954
ANN_013,0,114,-0.01947547180110979
ANN_013,0,115,0.26517099771838293
ANN_013,0,116,-0.09184076110693994
ANN_013,0,117,-0.0032033856888267387
ANN_013,0,118,0.30473369192165717
ANN_013,0,119,0.24525624258383757
ANN_013,0,120,0.0015977999606859976
ANN_013,0,121,-0.2614607483960876
ANN_013,0,122,-0.11368791367896608
ANN_013,0,123,-0.022060141682951673
ANN_013,0,124,-0.35134084097579155
ANN_013,0,125,0.2037483238161911
ANN_013,0,126,0.22295586124663763
ANN_013,0,127,0.29536089659125575
ANN_013,1,0,0.0070830550560108535
ANN_013,1,1,-0.06466789735072595
ANN_013,1,2,0.05232541445086095
ANN_013,1,3,-0.22140629747069732
ANN_013,1,4,0.07445301302960128
ANN_013,1,5,-0.021206549981313945
ANN_013,1,6,-0.049583490587328256
ANN_013,1,7,0.15968679118841408
ANN_013,1,8,-0.06759622570875704
ANN_013,1,9,-0.08786578764258439
ANN_013,1,10,-0.20931652055080321
ANN_013,1,11,0.10262713302026984
ANN_013,1,12,-0.13551921569869618
ANN_013,1,13,-0.0795729040221371
ANN_013,1,14,0.0382360216691944
ANN_013,1,15,-0.05213290715191039
ANN_013,1,16,-0.12605750922058329
ANN_013,1,17,0.010288690185041381
ANN_013,1,18,0.11533104978151695
ANN_013,1,19,-0.13059805819708187
ANN_013,1,20,0.005080861438210473
ANN_013,1,21,-0.013353754820729768
ANN_013,1,22,-0.029116787139314176
ANN_013,1,23,0.08756892152035031
ANN_013,1,24,-0.10793722559564019
ANN_013,1,25,0.16937421280531595
ANN_013,1,26,0.02091275722898369
ANN_013,1,27,0.23680668318741044
ANN_013,1,28,0.05474895866979922
ANN_013,1,29,-0.04103956057594126
ANN_013,1,30,0.0016369452435001134
ANN_013,1,31,-0.034731896047743925
ANN_013,1,32,0.006981273235967167
ANN_013,1,33,-0.08393772137794005
ANN_013,1,34,-0.12977670484497517
ANN_013,1,35,-0.06967905906581055
ANN_013,1,36,-0.04782347781219745
ANN_013,1,37,0.21882369829662457
ANN_013,1,38,-0.06739068491974497
ANN_013,1,39,0.08568963454278211
ANN_013,1,40,0.24557298131095512
ANN_013,1,41,-0.07111686262300215
ANN_013,1,42,0.01155851350486132
ANN_013,1,43,-0.11051359616147188
ANN_013,1,44,-0.026321436448340185
ANN_013,1,45,-0.12375906825832907
ANN_013,1,46,0.005423498016391657
ANN_013,1,47,0.0957025552440301
ANN_013,1,48,-0.08908206148062427
ANN_013,1,49,0.11809473498741667
ANN_013,1,50,-0.13947670707980103
ANN_013,1,51,0.034558981310464816
ANN_013,1,52,-0.0751233469626998
ANN_013,1,53,-0.09851970444033924
ANN_013,1,54,-0.022148369300002236
ANN_013,1,55,-0.2240747550990899
ANN_013,1,56,-0.20410664296388012
ANN_013,1,57,0.028313751336186972
ANN_013,1,58,-0.23537441891141866
ANN_013,1,59,0.12094755196271803
ANN_013,1,60,-0.14969620023908567
ANN_013,1,61,0.05214969070864065
ANN_013,1,62,-0.08201931675637268
ANN_013,1,63,-0.013711907597224862
ANN_013,2,0,0.8093126520419223
ANN_014,0,0,-0.3237524565779781
ANN_014,0,1,0.05988830941972556
ANN_014,0,2,-0.09853240965253585
ANN_014,0,3,-0.20316966168303768
ANN_014,0,4,-0.29062659893202436
ANN_014,0,5,0.304461756603743
ANN_014,0,6,0.183791073686582
ANN_014,0,7,0.221879231111682
ANN_014,0,8,0.24387331633785772
ANN_014,0,9,0.1394490369026014
ANN_014,0,10,-0.28192146533426243
ANN_014,0,11,0.12980677116880618
ANN_014,0,12,0.1538189821400413
ANN_014,0,13,-0.011240957664037474
ANN_014,0,14,-0.1749002931706838
ANN_014,0,15,-0.28203069745265535
ANN_014,0,16,-0.07792874445410759
ANN_014,0,17,0.07953483085124101
ANN_014,0,18,0.22677824551981654
ANN_014,0,19,-0.0015899456125462053
ANN_014,0,20,-0.2024410065539613
ANN_014,0,21,0.33898997685439297
ANN_014,0,22,0.05451952725426528
ANN_014,0,23,-0.24050246981342574
ANN_014,0,24,-0.31078364075139997
ANN_014,0,25,-0.18378547056404942
ANN_014,0,26,-0.2380958009492516
ANN_014,0,27,-0.2611382316149613
ANN_014,0,28,0.03606453931414509
ANN_014,0,29,-0.22608838099355613
ANN_014,0,30,-0.24004539619658719
ANN_014,0,31,0.2672026711978901
ANN_014,0,32,-0.2997382701583815
ANN_014,0,33,0.14823382366793014
ANN_014,0,34,-0.16997487328764962
ANN_014,0,35,0.3051436502290825
ANN_014,0,36,-0.21623132120200425
ANN_014,0,37,-0.17832166152959422
ANN_014,0,38,0.3213112735815208
ANN_014,0,39,0.2860148663617331
ANN_014,0,40,0.15992874730227855
ANN_014,0,41,-0.26487841487271063
ANN_014,0,42,-0.2546341093731477
ANN_014,0,43,0.19671294619919205
ANN_014,0,44,0.031328041939735096
ANN_014,0,45,-0.09338831172667988
ANN_014,0,46,-0.2954018000222298
ANN_014,0,47,-0.23295902383834735
ANN_014,0,48,0.15019063704630228
ANN_014,0,49,-0.15896638018318615
ANN_014,0,50,-0.10936601539739824
ANN_014,0,51,-0.1705287070810441
ANN_014,0,52,0.11741388598625292
ANN_014,0,53,-0.23819621390105294
ANN_014,0,54,-0.021043694065710387
ANN_014,0,55,0.18667455304275313
ANN_014,0,56,-0.21875504991379466
ANN_014,0,57,0.14882492575533435
ANN_014,0,58,-0.26711361640381814
ANN_014,0,59,-0.133255093856549
ANN_014,0,60,0.1340974461258389
ANN_014,0,61,-0.2915884264308264
ANN_014,0,62,-0.22813343769013167
ANN_014,0,63,-0.07203791176902967
ANN_014,0,64,-0.29719781588207256
ANN_014,0,65,0.35187550330818446
ANN_014,0,66,-0.22023901229252577
ANN_014,0,67,0.2637298382054356
ANN_014,0,68,-0.2427596407545569
ANN_014,0,69,0.18406883468159413
ANN_014,0,70,0.21997699153371816
ANN_014,0,71,0.16199474987543924
ANN_014,0,72,-0.10792827332584873
ANN_014,0,73,-0.17464098570282804
ANN_014,0,74,-0.19110047276757686
ANN_014,0,75,0.30544113335471484
ANN_014,0,76,0.3107084440443754
ANN_014,0,77,0.07237701165948199
ANN_014,0,78,-0.2096789020835259
ANN_014,0,79,-0.036101151657397586
ANN_014,0,80,0.21263287048967525
ANN_014,0,81,-0.268133410667424
ANN_014,0,82,-0.29220105461363916
ANN_014,0,83,0.3418144342306686
ANN_014,0,84,-0.11245927418427579
ANN_014,0,85,0.2828971378153695
ANN_014,0,86,-0.2814025899780491
ANN_014,0,87,0.24758756448255853
ANN_014,0,88,-0.27980868659353136
ANN_014,0,89,-0.007800800906047637
ANN_014,0,90,-0.14838963778209469
ANN_014,0,91,0.2665190553096329
ANN_014,0,92,0.20625909904117629
ANN_014,0,93,0.14744217012598534
ANN_014,0,94,-0.17038317011589502
ANN_014,0,95,0.26255812050264715
ANN_014,0,96,-0.16971150919440967
ANN_014,0,97,0.28039113956393064
ANN_014,0,98,-0.06680523223741465
ANN_014,0,99,-0.2094661406491319
ANN_014,0,100,-0.15760996467121166
ANN_014,0,101,0.039905481845521375
ANN_014,0,102,0.24261530852606
ANN_014,0,103,0.12162373886520435
ANN_014,0,104,0.0004094408802352376
ANN_014,0,105,0.2552121137753257
ANN_014,0,106,-0.1934089188885968
ANN_014,0,107,0.14624852736083688
ANN_014,0,108,0.12892847128546583
ANN_014,0,109,-0.08385371246198664
ANN_014,0,110,-0.3268572667234138
ANN_014,0,111,0.3314925643256405
ANN_014,0,112,0.17909864209746118
ANN_014,0,113,-0.19202278526012206
ANN_014,0,114,-0.021247901527675372
ANN_014,0,115,0.26365121232687877
ANN_014,0,116,-0.08911546234372462
ANN_014,0,117,-0.007944995054766679
ANN_014,0,118,0.30304181461508256
ANN_014,0,119,0.24529061849855405
ANN_014,0,120,-0.010432892956513238
ANN_014,0,121,-0.25549630624411024
ANN_014,0,122,-0.10449579462707925
ANN_014,0,123,-0.021302460263095794
ANN_014,0,124,-0.343032042317973
ANN_014,0,125,0.19930763164740523
ANN_014,0,126,0.22348633460485012
ANN_014,0,127,0.2840810577380141
ANN_014,1,0,0.010161305586065502
ANN_014,1,1,-0.0678149004072835
ANN_014,1,2,0.055195693965010166
ANN_014,1,3,-0.22536799430001325
ANN_014,1,4,0.07793694173515461
ANN_014,1,5,-0.02369333934380842
ANN_014,1,6,-0.05111801607018583
ANN_014,1,7,0.16265664466784613
ANN_014,1,8,-0.06898524685636775
ANN_014,1,9,-0.08536025573380213
ANN_014,1,10,-0.21283324642367657
ANN_014,1,11,0.10596292474031059
ANN_014,1,12,-0.13897263090547568
ANN_014,1,13,-0.0764744574241327
ANN_014,1,14,0.04091990478450612
ANN_014,1,15,-0.05475232793313305
ANN_014,1,16,-0.1293779304067284
ANN_014,1,17,0.007163260878209611
ANN_014,1,18,0.11864820294045483
ANN_014,1,19,-0.1335914818106429
ANN_014,1,20,0.001975216588798711
ANN_014,1,21,-0.016482234242600993
ANN_014,1,22,-0.03183813384167647
ANN_014,1,23,0.09099593782285297
ANN_014,1,24,-0.10455321032442837
ANN_014,1,25,0.17275615760063198
ANN_014,1,26,0.024165567461120717
ANN_014,1,27,0.2395872398578209
ANN_014,1,28,0.05134460421535209
ANN_014,1,29,-0.04405159972391464
ANN_014,1,30,0.002983196149037796
ANN_014,1,31,-0.03157843922876836
ANN_014,1,32,0.01012569513227873
ANN_014,1,33,-0.0859859979176814
ANN_014,1,34,-0.13329638850924383
ANN_014,1,35,-0.0722221675928243
ANN_014,1,36,-0.045110410552495754
ANN_014,1,37,0.22300856030692276
ANN_014,1,38,-0.06451965798161428
ANN_014,1,39,0.0825726795457374
ANN_014,1,40,0.2484276234046337
ANN_014,1,41,-0.07421668050381593
ANN_014,1,42,0.008236337187128673
ANN_014,1,43,-0.11119080319175796
ANN_014,1,44,-0.029037522379242814
ANN_014,1,45,-0.1261138244749158
ANN_014,1,46,0.008133580118109555
ANN_014,1,47,0.09877892374556842
ANN_014,1,48,-0.09136188907082811
ANN_014,1,49,0.12083829048392992
ANN_014,1,50,-0.14315755765485835
ANN_014,1,51,0.03676828873973591
ANN_014,1,52,-0.07264196700721236
ANN_014,1,53,-0.0951075508485623
ANN_014,1,54,-0.01867204145349184
ANN_014,1,55,-0.2267082793641938
ANN_014,1,56,-0.20751423800771465
ANN_014,1,57,0.02552149696463981
ANN_014,1,58,-0.2381304106273296
ANN_014,1,59,0.12396539953913482
ANN_014,1,60,-0.15256224914938532
ANN_014,1,61,0.04923659931105071
ANN_014,1,62,-0.08444182244919488
ANN_014,1,63,-0.010161890531149983
ANN_014,2,0,0.9092712025522657
ANN_015,0,0,-0.3236926076084106
ANN_015,0,1,0.07333285861548494
ANN_015,0,2,-0.10201615644364029
ANN_015,0,3,-0.2120989989999268
ANN_015,0,4,-0.29130932329288234
ANN_015,0,5,0.3098008858631659
ANN_015,0,6,0.20214579736157365
ANN_015,0,7,0.22402787112075845
ANN_015,0,8,0.24424662967351427
ANN_015,0,9,0.14247048652236693
ANN_015,0,10,-0.2805327388050669
ANN_015,0,11,0.1397817958211696
ANN_015,0,12,0.15316539837406215
ANN_015,0,13,-0.010894811582694468
ANN_015,0,14,-0.17385572434476249
ANN_015,0,15,-0.2821332056269074
ANN_015,0,16,-0.08063738284035882
ANN_015,0,17,0.07973368943833987
ANN_015,0,18,0.2421823890297338
ANN_015,0,19,0.0048353335535691695
ANN_015,0,20,-0.20614577920394234
ANN_015,0,21,0.3417820972510241
ANN_015,0,22,0.059329941435249695
ANN_015,0,23,-0.2539966500201019
ANN_015,0,24,-0.3140234554579313
ANN_015,0,25,-0.19241993399630966
ANN_015,0,26,-0.2396122112025238
ANN_015,0,27,-0.26104376609684965
ANN_015,0,28,0.08343336413308446
ANN_015,0,29,-0.23248052619324766
ANN_015,0,30,-0.23880641905790623
ANN_015,0,31,0.2663121364928655
ANN_015,0,32,-0.3058076145894704
ANN_015,0,33,0.15382381365205078
ANN_015,0,34,-0.18063656302847514
ANN_015,0,35,0.3035359160474132
ANN_015,0,36,-0.22332435603387238
ANN_015,0,37,-0.17969927509452122
ANN_015,0,38,0.3221809678850442
ANN_015,0,39,0.2879184916218958
ANN_015,0,40,0.16350614187103926
ANN_015,0,41,-0.2805108624562908
ANN_015,0,42,-0.2540301784127103
ANN_015,0,43,0.19790993586933098
ANN_015,0,44,0.029554981216639863
ANN_015,0,45,-0.11317449055470423
ANN_015,0,46,-0.29880045202016253
ANN_015,0,47,-0.2354331158527084
ANN_015,0,48,0.15511194238386908
ANN_015,0,49,-0.16339023194063493
ANN_015,0,50,-0.1173505785416548
ANN_015,0,51,-0.1746057047904934
ANN_015,0,52,0.1175448502589602
ANN_015,0,53,-0.24056766062650706
ANN_015,0,54,-0.019523306131522842
ANN_015,0,55,0.22027403737970028
ANN_015,0,56,-0.2265753763290442
ANN_015,0,57,0.14939622649324466
ANN_015,0,58,-0.2671917996719015
ANN_015,0,59,-0.13456233923609165
ANN_015,0,60,0.13512105399181076
ANN_015,0,61,-0.29000999677372374
ANN_015,0,62,-0.24072630683213916
ANN_015,0,63,-0.06730072127414229
ANN_015,0,64,-0.2969621997692118
ANN_015,0,65,0.3610506143069115
ANN_015,0,66,-0.22268872421273103
ANN_015,0,67,0.2648825324917524
ANN_015,0,68,-0.24991440424504224
ANN_015,0,69,0.18262937309656543
ANN_015,0,70,0.2188377631927909
ANN_015,0,71,0.16338229038995558
ANN_015,0,72,-0.12013937023050397
ANN_015,0,73,-0.17723728910882322
ANN_015,0,74,-0.19240739315530744
ANN_015,0,75,0.3053433135318314
ANN_015,0,76,0.31397905238371093
ANN_015,0,77,0.07267536306988119
ANN_015,0,78,-0.21616030740521977
ANN_015,0,79,-0.03739617079445182
ANN_015,0,80,0.21800845364607654
ANN_015,0,81,-0.27064327931712223
ANN_015,0,82,-0.2914023239423129
ANN_015,0,83,0.33485296832917855
ANN_015,0,84,-0.11458604995252955
ANN_015,0,85,0.28640795591457224
ANN_015,0,86,-0.2830595083459037
ANN_015,0,87,0.26409665419443207
ANN_015,0,88,-0.2851170408082771
ANN_015,0,89,-0.006298192837812051
ANN_015,0,90,-0.15266351187200525
ANN_015,0,91,0.26896247411892593
ANN_015,0,92,0.2082088055545789
ANN_015,0,93,0.1568662884069098
ANN_015,0,94,-0.17071586271332212
ANN_015,0,95,0.2616193817899658
ANN_015,0,96,-0.17081357491890145
ANN_015,0,97,0.2825230283799531
ANN_015,0,98,-0.07465294916988548
ANN_015,0,99,-0.22162951795375707
ANN_015,0,100,-0.18489873568302292
ANN_015,0,101,0.04054258864878019
ANN_015,0,102,0.24605284375069447
ANN_015,0,103,0.12253222413228108
ANN_015,0,104,0.00015777726175881864
ANN_015,0,105,0.26828911098611774
ANN_015,0,106,-0.20679830216361708
ANN_015,0,107,0.14668471992208162
ANN_015,0,108,0.13192793772780717
ANN_015,0,109,-0.0928296866405952
ANN_015,0,110,-0.3428552195961085
ANN_015,0,111,0.3358209964232601
ANN_015,0,112,0.188552871245236
ANN_015,0,113,-0.1934788722348875
ANN_015,0,114,-0.019472823417207723
ANN_015,0,115,0.26517475080879227
ANN_015,0,116,-0.09184376515722216
ANN_015,0,117,-0.0032029978711898724
ANN_015,0,118,0.30473691739061837
ANN_015,0,119,0.2452590823704041
ANN_015,0,120,0.0016021674268629701
ANN_015,0,121,-0.26146570749530296
ANN_015,0,122,-0.11368903284706373
ANN_015,0,123,-0.022062047924255375
ANN_015,0,124,-0.3513455153390205
ANN_015,0,125,0.2037528142148529
ANN_015,0,126,0.22295851452536963
ANN_015,0,127,0.29536531863709437
ANN_015,1,0,0.007089621059908077
ANN_015,1,1,-0.06466961872652865
ANN_015,1,2,0.05232902294540985
ANN_015,1,3,-0.22140718399230486
ANN_015,1,4,0.0744536085727475
ANN_015,1,5,-0.021209596515571895
ANN_015,1,6,-0.04958492810902879
ANN_015,1,7,0.15968766516876604
ANN_015,1,8,-0.06759778314110995
ANN_015,1,9,-0.08786517224056198
ANN_015,1,10,-0.2093214703417399
ANN_015,1,11,0.10262809364221519
ANN_015,1,12,-0.13551982628850084
ANN_015,1,13,-0.07957245019549042
ANN_015,1,14,0.038237161309230626
ANN_015,1,15,-0.05213353001285272
ANN_015,1,16,-0.12605796600910776
ANN_015,1,17,0.010287458850691933
ANN_015,1,18,0.1153314363860194
ANN_015,1,19,-0.13059888021461186
ANN_015,1,20,0.005075788059393095
ANN_015,1,21,-0.013354083884321952
ANN_015,1,22,-0.029118877821400636
ANN_015,1,23,0.08757189355325418
ANN_015,1,24,-0.10793686384375555
ANN_015,1,25,0.16938419089693854
ANN_015,1,26,0.020913391240564856
ANN_015,1,27,0.23681006052844406
ANN_015,1,28,0.05474850936405235
ANN_015,1,29,-0.04104077676727514
ANN_015,1,30,0.0016403580849184169
ANN_015,1,31,-0.03473150150610854
ANN_015,1,32,0.006981848149981473
ANN_015,1,33,-0.08393835759684232
ANN_015,1,34,-0.12977775705933198
ANN_015,1,35,-0.06967961279306101
ANN_015,1,36,-0.04782309326975913
ANN_015,1,37,0.21882482994112604
ANN_015,1,38,-0.06739006896643786
ANN_015,1,39,0.08568731743269599
ANN_015,1,40,0.2455798634760888
ANN_015,1,41,-0.07112288868426346
ANN_015,1,42,0.01155778914304385
ANN_015,1,43,-0.1105265317552514
ANN_015,1,44,-0.026321735253899733
ANN_015,1,45,-0.12375956003674474
ANN_015,1,46,0.0054239079556309844
ANN_015,1,47,0.09570327689513226
ANN_015,1,48,-0.08908473780624097
ANN_015,1,49,0.11810096141812329
ANN_015,1,50,-0.13947840317340418
ANN_015,1,51,0.034559730636104624
ANN_015,1,52,-0.0751226870031479
ANN_015,1,53,-0.09851884525040142
ANN_015,1,54,-0.022147360117131448
ANN_015,1,55,-0.2240754169642709
ANN_015,1,56,-0.20410831216724384
ANN_015,1,57,0.02830877733821298
ANN_015,1,58,-0.23537568352823562
ANN_015,1,59,0.1209483658078864
ANN_015,1,60,-0.1496973893786378
ANN_015,1,61,0.0521492753052339
ANN_015,1,62,-0.08202165990011256
ANN_015,1,63,-0.013711481950447553
ANN_015,2,0,0.8093127641176052
